School,WLper,SOS,Pace,ORtg,FTr,3PAr,Tsper,TRBper,ASTper,STLper,BLKper,eFGper,TOVper,ORBper,FTperFGA,oPace,oORtg,oFTr,o3PAr,oTsper,oTRBper,oASTper,oSTLper,oBLKper,oeFGper,oTOVper,oORBper,oFTperFGA,Year
Abilene Christian,0.571,-2.87,71.6,108.3,0.291,0.366,0.567,52.1,59.3,13.3,9,0.547,17.5,32,0.196,71.6,90.7,0.421,0.342,0.536,47.9,52.6,9.1,7.5,0.489,23.5,25.4,0.31,2022-2023
Air Force,0.643,-5.25,64.2,106.5,0.378,0.471,0.586,49,66.5,10.8,13.8,0.559,17.6,23.4,0.265,64.2,95.9,0.346,0.346,0.495,51,41.7,8.8,9.2,0.454,16.2,29.2,0.247,2022-2023
Akron,0.583,0.84,66.2,101.9,0.312,0.442,0.516,52.9,53.3,10.5,6.3,0.488,15.5,31.3,0.21,66.2,94.1,0.199,0.335,0.501,47.1,52.1,9.6,10.9,0.48,16.8,24.8,0.135,2022-2023
Alabama,0.846,8.36,74.4,107.8,0.405,0.469,0.557,56.3,56.4,7.5,12.3,0.52,18.6,36.3,0.289,74.4,92.8,0.32,0.297,0.471,43.7,42.9,10.7,11.3,0.432,14,25.9,0.221,2022-2023
Alabama A&M,0.308,1.04,71.5,99.4,0.256,0.327,0.53,44.8,52.6,12.3,11,0.507,17.9,28,0.176,71.5,106.2,0.363,0.452,0.556,55.2,55.4,10.2,8.3,0.531,19.4,38.4,0.24,2022-2023
Alabama State,0.154,2.32,71.2,88.8,0.267,0.29,0.44,47.7,45.8,7.5,7.6,0.404,14.8,30.6,0.183,71.2,113,0.348,0.367,0.57,52.3,55.6,9.4,15.8,0.548,14.2,31.6,0.232,2022-2023
Albany (NY),0.333,-1.51,68.9,96.5,0.324,0.422,0.507,49.2,51.4,8.7,5.7,0.474,17.5,29.7,0.222,68.9,107.7,0.42,0.287,0.57,50.8,51.4,9.8,11.2,0.542,16.7,28.4,0.284,2022-2023
Alcorn State,0.25,4.56,67,87.6,0.305,0.283,0.439,47.2,39.5,11.4,7,0.4,16.5,33.7,0.205,67,109.2,0.451,0.429,0.568,52.8,62.3,7.8,10.9,0.535,17.9,36.2,0.308,2022-2023
American,0.727,-6.88,63.4,107.6,0.279,0.397,0.589,50.8,57.6,11.8,9.4,0.566,18.6,27.2,0.203,63.4,100.4,0.352,0.35,0.525,49.2,45.7,11.8,6.5,0.492,16.4,28.3,0.242,2022-2023
Appalachian State,0.5,-0.13,70.7,106.1,0.297,0.407,0.554,50.4,50.4,10.6,13.4,0.529,14.7,24.5,0.207,70.7,90.6,0.243,0.396,0.488,49.6,52.9,9.1,4.8,0.46,18.2,25.6,0.17,2022-2023
Arizona,0.923,6.07,76.1,118.6,0.419,0.366,0.629,57.2,65.2,8.1,9.8,0.6,16.8,32.9,0.307,76.1,97,0.254,0.382,0.498,42.8,48.7,11.4,6.7,0.473,14.4,24.6,0.171,2022-2023
Arizona State,0.846,2.53,69.9,103.1,0.377,0.395,0.521,51.2,59.1,10,13.9,0.486,15.2,31.6,0.256,69.9,90.8,0.326,0.384,0.461,48.8,56.1,9.4,9.7,0.426,16.8,30.9,0.214,2022-2023
Arkansas,0.846,2.84,72,106.8,0.379,0.275,0.561,53.1,48.9,14.4,13.2,0.526,15.3,28.3,0.271,72,84.9,0.32,0.327,0.492,46.9,42.6,8.1,5.2,0.457,22.3,23.1,0.219,2022-2023
Arkansas State,0.643,-6.92,65.6,104.1,0.315,0.323,0.535,52.6,59.4,11.8,10.5,0.514,16.2,31.9,0.203,65.6,97.3,0.348,0.354,0.519,47.4,53,8.9,9.1,0.479,17.9,27.3,0.252,2022-2023
Arkansas-Pine Bluff,0.308,8.77,72.4,88.5,0.222,0.395,0.473,48.4,56.8,11.6,9.5,0.447,18.7,27,0.152,72.4,96.2,0.399,0.39,0.538,51.6,63.8,12,10.2,0.499,20.2,26.4,0.283,2022-2023
Army,0.462,-8.1,69.5,107.5,0.309,0.435,0.569,53.6,51.1,6.9,5.9,0.545,16.7,28.7,0.216,69.5,102.4,0.279,0.427,0.533,46.4,52.7,11,7.3,0.501,14.3,23.8,0.207,2022-2023
Auburn,0.846,4.5,69.7,104.3,0.39,0.352,0.527,54,55.7,12.5,17.1,0.494,17,37.5,0.262,69.7,88.6,0.325,0.311,0.465,46,44,11,8.2,0.43,17.8,30.5,0.214,2022-2023
Austin Peay,0.429,0.93,67.8,102,0.299,0.375,0.517,49.9,56,9.8,7.6,0.479,15.8,32.3,0.223,67.8,103.2,0.325,0.341,0.562,50.1,55.2,9.4,7.6,0.534,19.4,29.5,0.229,2022-2023
Ball State,0.692,-3.54,67.6,113.1,0.483,0.344,0.582,52,51.8,9.8,12.1,0.552,16.1,33.1,0.327,67.6,97.4,0.276,0.333,0.5,48,37.8,9,7.9,0.471,16.4,31.1,0.189,2022-2023
Baylor,0.833,2.63,70.5,114.5,0.358,0.463,0.584,54.3,62.6,12.4,9.8,0.555,16.7,36.8,0.257,70.5,92.8,0.353,0.371,0.516,45.7,61.3,11,6.3,0.482,21.1,29,0.239,2022-2023
Bellarmine,0.357,3.12,63.1,106.1,0.255,0.459,0.572,49.2,62.4,9.2,6.1,0.547,16.7,23.7,0.19,63.1,101.9,0.332,0.515,0.55,50.8,66.3,8.8,7.8,0.513,17.9,26.6,0.248,2022-2023
Belmont,0.643,-1.42,68.6,109,0.285,0.434,0.577,45.7,56.2,10.9,8.4,0.555,15.2,24.3,0.199,68.6,103.2,0.316,0.351,0.543,54.3,47.4,8.2,10.8,0.517,18.2,33.6,0.214,2022-2023
Bethune-Cookman,0.308,-2.64,69.7,94.3,0.252,0.259,0.495,47.4,46.9,11.6,9.6,0.463,16.9,28.4,0.182,69.7,109.9,0.306,0.458,0.574,52.6,58.8,10.3,8.8,0.537,16.9,31.8,0.241,2022-2023
Binghamton,0.308,-5.77,69.6,99.9,0.324,0.324,0.527,51.9,41.3,7.1,9.7,0.497,17.9,31.5,0.222,69.6,105.5,0.343,0.36,0.551,48.1,44.1,11.4,9.2,0.513,15.7,27.6,0.257,2022-2023
Boise State,0.714,1.92,67.7,104.4,0.34,0.384,0.54,54.6,45.5,8,8.9,0.504,14.9,28.3,0.246,67.7,87.8,0.288,0.353,0.469,45.4,42.7,8,7.2,0.429,16.2,21.1,0.209,2022-2023
Boston College,0.538,1.37,66.8,94.6,0.298,0.303,0.485,49.3,40.4,10.5,11.9,0.454,15.7,28.4,0.2,66.8,98.4,0.271,0.389,0.528,50.7,48.3,9.8,7.2,0.504,18.1,28,0.184,2022-2023
Boston University,0.538,-5.4,68.6,100.1,0.266,0.396,0.511,49.7,47.5,10.6,7.2,0.477,14.1,26.3,0.198,68.6,96.2,0.371,0.384,0.512,50.3,47.7,8.6,14.2,0.476,17.1,25.3,0.252,2022-2023
Bowling Green State,0.462,-4.9,71.3,106.4,0.31,0.375,0.531,52.1,54.6,8.4,8.6,0.492,13.7,30.1,0.235,71.3,104.3,0.294,0.402,0.543,47.9,50.1,9.1,10.9,0.515,14.6,25.1,0.207,2022-2023
Bradley,0.643,1.61,66.7,102.8,0.269,0.412,0.546,53.6,52,12,12.6,0.525,18,29.9,0.181,66.7,89.5,0.282,0.395,0.491,46.4,52.2,11.3,9.2,0.451,18.8,23.5,0.21,2022-2023
Brigham Young,0.688,3.07,72.8,103.7,0.324,0.447,0.541,55.8,59.5,10.6,13.7,0.512,18.3,33.7,0.225,72.8,93.5,0.368,0.378,0.518,44.2,52.2,11.7,7.2,0.486,18.2,21.5,0.244,2022-2023
Brown,0.538,-5.36,67.6,94.2,0.295,0.42,0.508,51.4,60.7,10.6,8.5,0.497,18.1,25.2,0.166,67.6,93.5,0.251,0.366,0.524,48.6,52,11.4,11.1,0.493,18.9,20.7,0.187,2022-2023
Bryant,0.692,-1.9,76.7,110.8,0.332,0.407,0.569,53.4,54.5,10.6,10.9,0.537,15.3,30.9,0.245,76.7,94.4,0.304,0.423,0.514,46.6,57.7,8.8,6.8,0.489,18.5,24.6,0.198,2022-2023
Bucknell,0.538,-6,66.7,106.7,0.281,0.379,0.581,53.1,56.7,7.4,9.7,0.561,18.1,28.4,0.196,66.7,99.4,0.261,0.419,0.495,46.9,57.6,11.3,10.7,0.467,13.5,27.5,0.179,2022-2023
Buffalo,0.5,4.56,77.2,103.3,0.34,0.356,0.558,50.6,51.6,12.1,8.4,0.527,17.5,28,0.243,77.2,98.9,0.38,0.364,0.531,49.4,54.1,9.6,6.9,0.492,18.2,28.1,0.268,2022-2023
Butler,0.571,5.91,68.5,102.2,0.253,0.342,0.555,47.5,50.1,10.5,12.1,0.529,16.2,21.8,0.187,68.5,95.4,0.185,0.322,0.501,52.5,51.1,9.7,8.5,0.479,17.3,29.4,0.131,2022-2023
Cal Poly,0.538,0,66.1,96.4,0.322,0.358,0.525,52,44,9.3,7.6,0.483,18.9,28,0.244,66.1,96.9,0.347,0.42,0.523,48,52.1,9.3,9.6,0.49,18,24.6,0.239,2022-2023
Cal State Bakersfield,0.333,-2.16,63.1,93.6,0.253,0.242,0.478,52.1,49.1,9.3,12.8,0.444,17.7,34.1,0.182,63.1,94.2,0.362,0.443,0.497,47.9,57.3,9.2,7.7,0.459,18.2,29.6,0.247,2022-2023
Cal State Fullerton,0.462,1.87,65.6,100.5,0.35,0.37,0.516,51.2,46.8,8.8,7.7,0.486,16,31.5,0.23,65.6,98.5,0.366,0.398,0.525,48.8,49.7,9.9,10.3,0.486,17.7,27.9,0.261,2022-2023
Cal State Northridge,0.25,-1.77,66.7,103.3,0.314,0.327,0.516,52.1,44.3,9,9,0.481,14.5,31.4,0.224,66.7,99.4,0.433,0.405,0.519,47.9,49.6,7,4.9,0.461,15.7,26.2,0.331,2022-2023
California,0.071,5.29,64,90.6,0.354,0.315,0.492,48.4,46.1,7.1,10,0.443,19,25.6,0.263,64,102.7,0.326,0.365,0.528,51.6,53.5,9,9.7,0.489,14.8,29.1,0.241,2022-2023
California Baptist,0.571,-1.82,65,100.9,0.316,0.432,0.505,53.4,57,6.7,11,0.48,15.4,31.7,0.201,65,96.2,0.285,0.334,0.504,46.6,47.1,9.4,7.4,0.469,14.9,23.3,0.208,2022-2023
Campbell,0.385,-2.95,66.3,105.3,0.369,0.378,0.569,50.4,52.3,11.5,9.4,0.539,17.1,24.6,0.26,66.3,102.5,0.307,0.414,0.563,49.6,51.6,10.3,8.9,0.538,18.1,24.1,0.214,2022-2023
Canisius,0.182,3.03,70.3,101.4,0.233,0.42,0.507,49.7,57.5,7.2,6.3,0.48,15.6,33.6,0.167,70.3,108.8,0.294,0.283,0.572,50.3,51.1,10.5,14.3,0.548,16.9,30.4,0.208,2022-2023
Central Arkansas,0.385,-1.23,73.4,99.1,0.212,0.417,0.509,49.6,45.7,8,8.1,0.482,16.5,30.7,0.156,73.4,108.3,0.32,0.337,0.555,50.4,49.7,10.4,8,0.528,14.6,29.2,0.225,2022-2023
Central Connecticut State,0.133,-4.3,67.2,95,0.176,0.393,0.497,47,51.2,10.8,11.2,0.476,16.2,25.5,0.125,67.2,108.7,0.275,0.406,0.578,53,60.3,10.9,8.5,0.552,16.4,28.3,0.202,2022-2023
Central Florida,0.769,2.72,63.7,105.5,0.265,0.393,0.534,53.4,54.4,10.7,12.2,0.505,17.6,37,0.192,63.7,90,0.273,0.412,0.482,46.6,53.6,9.3,8.1,0.451,19.4,30.9,0.188,2022-2023
Central Michigan,0.385,-0.1,71.2,96.9,0.307,0.368,0.514,50.4,48,8.3,11.4,0.48,18.6,31.5,0.219,71.2,98.3,0.364,0.428,0.516,49.6,55.8,11,8.9,0.488,18.3,31.1,0.234,2022-2023
Charleston Southern,0.333,-1.08,68.9,108.8,0.252,0.413,0.539,52.5,48.2,6.3,9,0.513,15.1,34.5,0.183,68.9,109.4,0.302,0.374,0.555,47.5,50.5,8.2,7.1,0.524,13.8,28.7,0.222,2022-2023
Charlotte,0.769,-2.51,62.4,109.7,0.254,0.391,0.58,51.4,56.8,10.9,10.3,0.556,15.2,25.6,0.188,62.4,94.6,0.252,0.406,0.511,48.6,47.8,8.1,8.9,0.481,17.8,24.4,0.183,2022-2023
Chattanooga,0.571,-0.81,68.6,115,0.316,0.535,0.589,54.8,61.7,8.5,12.8,0.565,15.9,32.2,0.225,68.6,100,0.213,0.4,0.512,45.2,49.7,9.5,10.5,0.48,13.4,24.4,0.167,2022-2023
Chicago State,0.188,-1.73,65.9,98,0.331,0.408,0.516,49,47.9,8.3,8.2,0.474,18.6,32.8,0.248,65.9,110.4,0.361,0.348,0.547,51,52.3,10.9,10.9,0.515,14.5,34.7,0.252,2022-2023
Cincinnati,0.714,0.65,71.9,112.5,0.278,0.395,0.561,52.7,52.7,9.6,11.2,0.538,13.1,31.1,0.194,71.9,96.1,0.291,0.337,0.518,47.3,53.7,7.1,6.1,0.48,17.5,25.7,0.219,2022-2023
Clemson,0.769,-1.11,67.4,110.3,0.315,0.389,0.586,51.8,60.3,8.3,8.4,0.553,14.9,24.2,0.242,67.4,96.8,0.313,0.425,0.516,48.2,47,7.8,7.4,0.478,16.5,23.5,0.229,2022-2023
Cleveland State,0.533,-1.82,64.6,104.7,0.278,0.304,0.511,49.8,51.2,10.2,9.2,0.484,14.3,35.4,0.189,64.6,99.6,0.301,0.4,0.502,50.2,54.4,8.7,7,0.468,17,35.8,0.212,2022-2023
Coastal Carolina,0.583,-2.01,71.1,110.4,0.312,0.334,0.557,54,46.9,10.6,12.9,0.515,15.6,35.5,0.248,71.1,95.3,0.198,0.424,0.494,46,52.3,10.6,6.5,0.47,16.6,29.7,0.141,2022-2023
Colgate,0.462,-4.21,70,113.2,0.26,0.386,0.593,51.4,59.2,9.8,5.3,0.578,15.2,28.2,0.176,70,106,0.225,0.358,0.568,48.6,50.7,10.4,10.1,0.555,17,25.8,0.147,2022-2023
College of Charleston,0.929,0.64,70.9,112.8,0.334,0.482,0.56,54.4,46.1,10.3,8.8,0.525,14.9,35.2,0.248,70.9,98,0.261,0.335,0.525,45.6,44.8,8.3,9.5,0.504,16.8,25.1,0.173,2022-2023
Colorado,0.643,5.68,72.5,104.9,0.329,0.34,0.538,54,49.9,11.2,11,0.515,16,32.5,0.215,72.5,95.4,0.321,0.358,0.511,46,43,10.8,9.4,0.476,17.1,24.4,0.226,2022-2023
Colorado State,0.571,3.46,68.8,110.1,0.315,0.394,0.598,47.9,63.3,10.1,6.9,0.575,14.6,17.6,0.224,68.8,100.6,0.274,0.446,0.545,52.1,45.8,8.6,7.5,0.519,18.1,25.3,0.193,2022-2023
Columbia,0.333,-5.77,69.4,96.9,0.31,0.409,0.512,50.2,50.8,10.6,5.8,0.476,18.6,31.5,0.222,69.4,99.2,0.219,0.393,0.519,49.8,60.5,10.6,12.4,0.499,17.6,31.1,0.148,2022-2023
Connecticut,1,2.63,70.8,117.2,0.342,0.438,0.594,56.7,65.1,11.1,12.9,0.561,15.1,34.8,0.259,70.8,83.6,0.392,0.265,0.472,43.3,35.6,8.7,7,0.419,20.6,22.5,0.281,2022-2023
Coppin State,0.313,1.61,73.3,99.8,0.348,0.435,0.555,42.5,41.4,11.2,6.1,0.523,17.8,19.8,0.249,73.3,115,0.327,0.422,0.576,57.5,57.3,10.2,10.8,0.548,15.4,36.4,0.233,2022-2023
Cornell,0.769,-6.09,72.9,116.2,0.212,0.498,0.597,51.8,64.6,13.6,6.7,0.584,15,31.8,0.147,72.9,99.3,0.216,0.371,0.527,48.2,56,9.9,10.5,0.506,18.4,29.4,0.151,2022-2023
Creighton,0.571,7.71,71.2,107.7,0.277,0.431,0.57,52.6,58.6,8,9.7,0.547,15,24.1,0.196,71.2,95.4,0.157,0.297,0.497,47.4,48.2,8.4,7.2,0.481,14,21.8,0.107,2022-2023
Dartmouth,0.286,-5.1,71.5,95.5,0.283,0.446,0.519,49.9,53.8,8,10.5,0.493,18.7,24.8,0.192,71.5,93.6,0.256,0.306,0.494,50.1,40.2,12.1,9.9,0.465,16.1,25.9,0.18,2022-2023
Davidson,0.615,-0.25,68.2,103.8,0.399,0.361,0.549,48.3,56.2,8.2,4.1,0.508,15.5,24.8,0.29,68.2,99.6,0.25,0.376,0.494,51.7,44.6,9.8,11,0.471,14.4,31.3,0.164,2022-2023
Dayton,0.643,0.83,65,102.1,0.368,0.364,0.539,55.9,61.2,7.2,14.3,0.506,18.8,34.1,0.254,65,89.6,0.215,0.401,0.456,44.1,46.8,10.7,7.2,0.432,14.8,25.7,0.143,2022-2023
Delaware,0.571,-1.87,68.1,105.2,0.351,0.381,0.541,48.2,49.6,9.4,11,0.507,13.9,26,0.248,68.1,105.9,0.244,0.342,0.547,51.8,54.5,9,8.3,0.523,15.5,28.8,0.174,2022-2023
Delaware State,0.077,2.29,68.9,89.1,0.222,0.293,0.483,48.7,50.2,9.4,8.2,0.461,20.1,29.1,0.147,68.9,109.2,0.399,0.451,0.579,51.3,62.6,12.5,7,0.551,17.2,29.6,0.275,2022-2023
Denver,0.667,-6.56,69.4,106.7,0.499,0.248,0.587,53.6,43.8,7.8,8.4,0.553,19,29.8,0.348,69.4,103.4,0.235,0.374,0.538,46.4,51.9,9.7,8.4,0.509,15.4,27.1,0.178,2022-2023
DePaul,0.5,3.14,70.6,101.3,0.294,0.417,0.532,46.6,53.7,9.7,9.4,0.49,16.4,26.9,0.233,70.6,105.1,0.339,0.352,0.541,53.4,51.6,10.2,8.8,0.511,16.7,33.3,0.234,2022-2023
Detroit Mercy,0.429,1.08,67.7,107.5,0.301,0.446,0.534,50.8,45.7,8.5,6.1,0.499,15.4,35.2,0.223,67.7,109.7,0.254,0.387,0.551,49.2,50.7,9.7,7.5,0.52,14.8,32.6,0.195,2022-2023
Drake,0.786,-1.66,70,107.4,0.306,0.389,0.565,51.1,49.6,8.3,8.2,0.53,14.3,24.2,0.236,70,92.7,0.285,0.37,0.493,48.9,41.1,7.8,6.2,0.456,17,24.2,0.208,2022-2023
Drexel,0.538,-2.09,64.3,102.3,0.214,0.43,0.509,51.7,48.9,9.5,7.7,0.487,14.6,31.9,0.147,64.3,94.3,0.217,0.302,0.498,48.3,45.2,8.2,9.6,0.475,17.1,27.1,0.149,2022-2023
Duke,0.769,4.46,66.3,110,0.29,0.358,0.535,56.7,54.4,10.2,11.9,0.496,14.9,38.9,0.226,66.3,91.1,0.224,0.351,0.488,43.3,49,8.1,9,0.453,17.6,25.4,0.173,2022-2023
Duquesne,0.714,-0.52,68.3,110,0.248,0.382,0.536,50.7,54,11,10.9,0.514,14.5,36.8,0.17,68.3,103.6,0.314,0.335,0.532,49.3,53.2,8.5,8.1,0.499,17.4,34.7,0.225,2022-2023
East Carolina,0.643,-4.39,68.9,103.5,0.405,0.428,0.521,53.4,56.8,9.5,6.7,0.486,15.9,35,0.27,68.9,98.4,0.345,0.331,0.508,46.6,44.8,9.3,9.6,0.473,15.5,27.8,0.235,2022-2023
East Tennessee State,0.357,-4.97,68.6,103.6,0.276,0.349,0.535,52,51.2,10.1,9.4,0.513,17.5,33.8,0.185,68.6,100.6,0.276,0.437,0.54,48,52.6,11.9,7.3,0.51,18.2,29.1,0.202,2022-2023
Eastern Illinois,0.357,-2.78,72.2,94.1,0.388,0.286,0.495,46.4,54.2,12.7,8.3,0.467,16.7,25.8,0.24,72.2,94.2,0.337,0.43,0.51,53.6,58,8.8,9.2,0.481,20.6,32.7,0.222,2022-2023
Eastern Kentucky,0.538,1.62,76.2,106.4,0.265,0.41,0.527,50.3,55.6,13.1,11.6,0.512,14.7,33,0.163,76.2,96.3,0.295,0.383,0.525,49.7,56.3,9.9,8.6,0.491,20.1,30.3,0.215,2022-2023
Eastern Michigan,0.25,-1.44,71.6,103.6,0.295,0.309,0.539,46.9,37.9,9.6,6,0.503,14.3,25.1,0.224,71.6,112.4,0.408,0.414,0.594,53.1,42.3,9.3,6.9,0.57,16,28.5,0.278,2022-2023
Eastern Washington,0.5,-0.81,70.4,104.5,0.275,0.419,0.556,54.2,55.3,8.5,10.4,0.528,18.1,31.1,0.2,70.4,99.4,0.304,0.428,0.53,45.8,50,9.5,7.4,0.493,16.6,24,0.227,2022-2023
Elon,0.143,-1.89,69.5,97.1,0.303,0.422,0.514,47,53.6,10.2,4.8,0.483,15.8,24.5,0.21,69.5,106.6,0.282,0.421,0.552,53,54.4,8.6,10.5,0.528,15.9,29.5,0.197,2022-2023
Evansville,0.286,-0.93,69,90.1,0.281,0.339,0.464,48.5,46.4,9.1,7,0.436,15.1,24.9,0.18,69,104.4,0.339,0.418,0.571,51.5,57,8.2,7.1,0.532,17.3,22.7,0.261,2022-2023
Fairfield,0.417,-3.99,65.5,98.3,0.405,0.429,0.509,50.9,43.2,7.6,9.3,0.463,16.5,29.7,0.287,65.5,98.9,0.302,0.322,0.509,49.1,43.7,9.9,9.6,0.48,15.5,28,0.204,2022-2023
Fairleigh Dickinson,0.467,-7.24,71.3,105.5,0.272,0.381,0.535,49.1,49.6,10.9,5.5,0.504,15,31.2,0.2,71.3,108.1,0.334,0.427,0.59,50.9,55.6,8.6,9.7,0.562,19.2,30.1,0.243,2022-2023
Florida,0.538,4.67,71.3,105.3,0.342,0.332,0.547,50.7,45.7,9.2,14.8,0.507,14.4,24.9,0.257,71.3,93.5,0.29,0.318,0.499,49.3,49,9.7,8.8,0.467,16.9,25.1,0.202,2022-2023
Florida A&M,0.182,7.78,67.9,80.9,0.274,0.297,0.441,44.3,43,10.2,8.7,0.407,21.2,29.1,0.183,67.9,110.1,0.365,0.366,0.557,55.7,53.4,13.6,13.9,0.531,16.9,38.8,0.245,2022-2023
Florida Atlantic,0.923,0.05,69.6,112.8,0.249,0.419,0.575,54.9,55,10.5,5.9,0.559,15.3,31.6,0.168,69.6,87.8,0.271,0.324,0.47,45.1,34.2,9.3,5.9,0.435,17.2,23.7,0.191,2022-2023
Florida Gulf Coast,0.769,1.45,66.7,108.6,0.309,0.453,0.553,51.4,50,10.1,10.7,0.517,15.5,31.8,0.233,66.7,99.7,0.325,0.39,0.508,48.6,49.8,9.8,9.8,0.481,15.6,30,0.21,2022-2023
Florida International,0.5,-4.18,75.7,98.8,0.282,0.371,0.549,47.6,48.3,13,10.8,0.532,19.4,24.8,0.182,75.7,100.1,0.262,0.424,0.546,52.4,52.5,11.9,7.9,0.516,20.3,31.4,0.194,2022-2023
Florida State,0.286,4.68,69.5,99,0.323,0.316,0.517,46.7,54.1,9.1,11.1,0.479,16.1,27.6,0.236,69.5,105.5,0.314,0.369,0.53,53.3,57.1,7.1,7.3,0.495,15.4,34.7,0.228,2022-2023
Fordham,0.857,-6.93,70.9,102.7,0.397,0.442,0.556,52.3,54.9,9.9,14.9,0.51,18.1,27.4,0.302,70.9,93.4,0.286,0.313,0.495,47.7,47.5,8.9,6.9,0.456,16.7,25.2,0.214,2022-2023
Fresno State,0.417,1.57,63.8,96.1,0.269,0.401,0.51,48.7,50.4,9.5,11.1,0.478,17.1,25.8,0.194,63.8,95.7,0.299,0.398,0.51,51.3,47.7,9.3,9.1,0.472,18.2,29,0.221,2022-2023
Furman,0.714,-2.43,72.8,113.7,0.253,0.462,0.599,53.1,64.9,11.5,9.7,0.578,16,28.5,0.185,72.8,99.1,0.254,0.374,0.55,46.9,49.9,9.4,8.8,0.532,18.5,22.9,0.17,2022-2023
Gardner-Webb,0.462,-1.36,69.9,104.8,0.298,0.335,0.548,55,47.9,11,17.2,0.528,17.4,33.5,0.196,69.9,90,0.41,0.371,0.494,45,51.1,9.5,7.5,0.441,19,24.3,0.299,2022-2023
George Mason,0.615,0.2,68,104.1,0.321,0.423,0.563,53.8,59.1,5.8,10.4,0.547,18.6,31,0.204,68,97.4,0.31,0.357,0.489,46.2,39.6,10.6,9.7,0.457,13.9,26.5,0.208,2022-2023
George Washington,0.462,-3.44,68.9,107.9,0.349,0.424,0.57,49.2,48,8.3,9.7,0.539,15.9,26.3,0.252,68.9,103.1,0.267,0.408,0.521,50.8,56.4,9.8,5.7,0.504,14.7,30.8,0.166,2022-2023
Georgetown,0.357,2.5,70.1,105.2,0.312,0.291,0.532,50.3,42.3,8.8,12.7,0.5,15.3,31.9,0.222,70.1,108.6,0.245,0.429,0.551,49.7,59.5,11.6,6.1,0.523,15.1,31.4,0.185,2022-2023
Georgia,0.769,-3.78,68.2,104.4,0.351,0.368,0.539,55,51.6,10.1,9.2,0.499,17.9,35.4,0.259,68.2,93.7,0.226,0.354,0.496,45,50.5,9.3,9.4,0.467,16.7,26.3,0.164,2022-2023
Georgia Southern,0.571,-3.36,67.5,100.3,0.243,0.347,0.514,52,39.9,12.8,10.4,0.492,15.3,29.5,0.162,67.5,92.8,0.319,0.403,0.515,48,51.5,8.6,4.6,0.483,19.8,24.4,0.219,2022-2023
Georgia State,0.538,-0.4,67.4,99.2,0.288,0.31,0.491,53,45.2,8.4,10.6,0.453,15.5,36,0.21,67.4,93.1,0.313,0.345,0.499,47,51,9.3,9.6,0.467,17.5,28.6,0.213,2022-2023
Georgia Tech,0.583,2.18,69.5,104.3,0.273,0.324,0.516,48.8,48,9.8,12.2,0.487,12.6,30,0.192,69.5,98.1,0.311,0.316,0.486,51.2,54.8,6.8,7.7,0.457,14.9,33.5,0.2,2022-2023
Gonzaga,0.786,8.98,73.5,115.7,0.327,0.321,0.603,55.6,51.4,10.9,8.8,0.579,15.2,31.4,0.235,73.5,97.2,0.273,0.393,0.525,44.4,45.2,8,5.2,0.492,17.5,23.1,0.203,2022-2023
Grambling,0.545,-0.02,69.1,93.4,0.316,0.274,0.493,50.7,50.9,11.7,13.5,0.47,18.6,31.5,0.195,69.1,93.2,0.4,0.468,0.496,49.3,58.9,10.6,8.8,0.457,19,30.2,0.268,2022-2023
Grand Canyon,0.714,1.76,65.9,107.7,0.306,0.414,0.531,54,50.6,8.4,7.1,0.501,13.8,33.5,0.216,65.9,90.5,0.249,0.345,0.461,46,41.9,7.3,8.7,0.427,15.5,27.3,0.176,2022-2023
Green Bay,0.143,-1.07,66.7,86.5,0.362,0.368,0.492,43.8,49.3,7.8,7.4,0.449,20.4,21.9,0.255,66.7,112.4,0.31,0.366,0.579,56.2,48.6,10.5,11.5,0.547,15.8,32.6,0.234,2022-2023
Hampton,0.231,-1.63,72.3,95.7,0.391,0.391,0.483,47.4,51.3,5.4,9.2,0.445,14.6,27.5,0.254,72.3,109.9,0.345,0.39,0.553,52.6,58.7,8.6,11.1,0.527,13.5,30.6,0.233,2022-2023
Hartford,0.267,-7.31,67.4,94.4,0.276,0.384,0.505,49,55.6,9.7,11.1,0.478,18,26.8,0.186,67.4,102,0.223,0.413,0.532,51,60.6,10.3,8.4,0.507,16.5,28.6,0.162,2022-2023
Harvard,0.643,-2.35,67.8,98.2,0.313,0.379,0.519,53.1,53.7,11.6,10.3,0.496,18.2,32,0.202,67.8,93.7,0.222,0.367,0.492,46.9,43.8,10.2,9,0.465,16.5,26.6,0.158,2022-2023
Hawaii,0.75,-1.55,65.2,104.4,0.294,0.371,0.538,53,49.7,7.7,9.2,0.51,15.6,32,0.206,65.2,91.3,0.257,0.279,0.473,47,30.7,8.2,10.6,0.435,15.9,26.8,0.191,2022-2023
High Point,0.615,-2.25,76.7,105.8,0.414,0.358,0.538,49.8,42.3,8.5,10.8,0.511,15.8,31.7,0.265,76.7,101,0.301,0.406,0.498,50.2,57.4,9.3,9.5,0.464,14.4,33.9,0.211,2022-2023
Hofstra,0.571,4.44,69.4,104.8,0.245,0.416,0.566,45.9,51.1,8.5,9.3,0.539,15.5,20.3,0.185,69.4,103,0.233,0.349,0.517,54.1,49.6,8.3,10.5,0.493,14.6,31.6,0.164,2022-2023
Holy Cross,0.231,-4.68,69.6,95.4,0.246,0.312,0.509,46.7,47.3,10.8,7.4,0.488,17,24.7,0.161,69.6,104.4,0.315,0.363,0.54,53.3,47.7,11.3,9,0.512,16.2,30.8,0.217,2022-2023
Houston,0.929,2.61,64.4,116.9,0.241,0.354,0.56,55.9,51.7,13.4,19,0.539,13.4,38.5,0.169,64.4,77.4,0.301,0.461,0.423,44.1,51.5,8.9,7,0.383,21.1,28.1,0.201,2022-2023
Houston Christian,0.231,-0.63,76.3,103.7,0.276,0.364,0.556,50.7,54,8.9,7.8,0.538,18.9,31.3,0.182,76.3,111.4,0.319,0.344,0.598,49.3,51.1,11.5,9.4,0.572,16.8,28.1,0.234,2022-2023
Howard,0.438,-0.55,71.1,97.2,0.305,0.344,0.526,50,51.1,10.5,9.6,0.492,19.6,30.5,0.219,71.1,103.5,0.345,0.413,0.56,50,53,12.5,7.8,0.532,18.4,29.4,0.24,2022-2023
Idaho,0.429,-4.67,68.3,114.3,0.332,0.4,0.599,51,49.5,9.1,4,0.569,15.2,26.4,0.251,68.3,100.1,0.356,0.304,0.54,49,43.4,8.3,8.2,0.505,17.2,25.8,0.253,2022-2023
Idaho State,0.286,-2.73,67.2,100.7,0.267,0.458,0.539,48.2,50,9.2,7.7,0.511,16.6,24.6,0.194,67.2,99.9,0.318,0.319,0.522,51.8,46.5,9.4,8.4,0.481,16.4,28,0.24,2022-2023
Illinois,0.692,1.74,71.6,108,0.333,0.459,0.562,54.8,51.2,11.4,15.1,0.541,18,35.7,0.219,71.6,88.1,0.289,0.325,0.482,45.2,49.8,11,7.8,0.446,20,27.2,0.204,2022-2023
Illinois State,0.429,-3.72,65.6,100.6,0.322,0.412,0.541,52.4,46.7,8.5,10.6,0.497,18.9,31.4,0.254,65.6,103.3,0.325,0.335,0.525,47.6,48,9.4,11.8,0.49,14.3,28.5,0.231,2022-2023
Illinois-Chicago,0.643,-5.18,70.2,97.5,0.384,0.435,0.526,45.3,55.4,10.5,13.3,0.494,17,22.9,0.256,70.2,95,0.295,0.328,0.5,54.7,49.7,9.1,12.2,0.466,18.9,32.7,0.209,2022-2023
Incarnate Word,0.462,-5.09,70.6,97.9,0.297,0.312,0.522,49.8,50.9,12.4,6,0.489,18.2,29.3,0.215,70.6,99.7,0.318,0.381,0.545,50.2,57.4,10.9,8.1,0.521,19.4,28.9,0.213,2022-2023
Indiana,0.769,1.43,71.4,112.1,0.307,0.326,0.588,53.4,57.4,10.1,15.6,0.567,15.5,28.8,0.213,71.4,91.4,0.268,0.383,0.489,46.6,49.3,9.6,6.9,0.46,17.7,25.6,0.183,2022-2023
Indiana State,0.714,-4.65,74,110,0.292,0.48,0.585,50,54.9,10.3,5,0.556,15,23.1,0.219,74,95.8,0.337,0.343,0.522,50,35.6,8,10.7,0.487,17.8,24.4,0.237,2022-2023
Iona,0.692,1.96,71.7,108.5,0.233,0.315,0.55,48.9,53.5,10.8,15,0.522,13.9,29.2,0.178,71.7,93.7,0.363,0.331,0.506,51.1,53.9,7.1,6.9,0.467,19.6,31.1,0.254,2022-2023
Iowa,0.615,2.46,71.8,112,0.353,0.37,0.541,51.8,58.7,9.5,8.6,0.505,11.9,32.4,0.252,71.8,97.1,0.178,0.325,0.509,48.2,48.5,8.3,8,0.487,16.7,28,0.129,2022-2023
Iowa State,0.818,-0.13,66.7,105.1,0.249,0.331,0.536,50.1,60.7,16.3,8.9,0.515,16.2,32.8,0.169,66.7,84.4,0.366,0.488,0.506,49.9,55.7,10.5,3.9,0.46,27.1,31,0.268,2022-2023
IUPUI,0.231,-6.94,67.9,90.4,0.269,0.294,0.505,46.3,42.3,9,8.1,0.476,20.9,26.2,0.186,67.9,105.7,0.333,0.375,0.565,53.7,52.9,12.1,9.1,0.529,18.6,32.6,0.251,2022-2023
Jackson State,0.077,4.09,72.2,91,0.222,0.344,0.486,52.2,52.7,10.2,6.2,0.466,20.8,33.8,0.144,72.2,113.7,0.37,0.435,0.612,47.8,59.7,11.9,11.8,0.58,16.2,25.7,0.281,2022-2023
Jacksonville,0.636,1.23,64.4,102.4,0.241,0.388,0.552,53.6,60.9,9.6,8.9,0.528,17.6,27.8,0.175,64.4,91.4,0.201,0.446,0.468,46.4,50.6,10.4,8.9,0.446,15.4,25.7,0.133,2022-2023
Jacksonville State,0.538,-0.36,68.1,108.4,0.321,0.415,0.564,51,51.9,9.6,8.4,0.537,16.6,30.9,0.227,68.1,104.8,0.284,0.437,0.543,49,56.2,9.7,7.8,0.511,16.3,29.5,0.211,2022-2023
James Madison,0.714,-4.86,75.3,117.7,0.35,0.352,0.59,55.6,46.2,15.4,7.5,0.565,15.2,37.3,0.246,75.3,84.4,0.31,0.423,0.489,44.4,46.6,9.4,7.3,0.459,23.6,26.5,0.205,2022-2023
Kansas,0.917,7.24,71,110,0.258,0.336,0.563,52.7,60.7,13.7,12.1,0.543,15.1,31.7,0.179,71,89.8,0.306,0.383,0.484,47.3,46.2,8,7.4,0.448,19.6,28.2,0.211,2022-2023
Kansas City,0.333,0.47,66.8,95.4,0.338,0.356,0.481,52.9,42.8,10,12.2,0.438,18.3,37.7,0.24,66.8,98.1,0.351,0.396,0.506,47.1,50.4,11,9.2,0.46,16.6,31.8,0.261,2022-2023
Kansas State,0.917,-0.43,68.6,108.4,0.333,0.341,0.559,53.4,67.6,11.4,8.9,0.528,16.8,33.5,0.239,68.6,87.8,0.343,0.342,0.499,46.6,51.7,8.7,8.7,0.468,21.7,26.9,0.224,2022-2023
Kennesaw State,0.615,1.02,70.4,101.9,0.352,0.421,0.537,49.8,56.5,12.6,8.3,0.515,16.5,27.2,0.222,70.4,94,0.386,0.343,0.524,50.2,45.8,9.8,11.6,0.488,20.2,25.7,0.264,2022-2023
Kent State,0.769,3.19,71.3,104.9,0.257,0.398,0.543,48.2,46.6,14.7,9.5,0.511,15.2,26.4,0.195,71.3,85.3,0.368,0.391,0.473,51.8,52.3,8.6,7.9,0.432,22,30.9,0.249,2022-2023
Kentucky,0.667,2.02,68.6,112,0.298,0.341,0.549,55.5,61.8,11.1,12.3,0.528,14.8,38,0.197,68.6,94.9,0.27,0.345,0.497,44.5,46.9,8.3,5.1,0.464,16.5,27,0.194,2022-2023
La Salle,0.462,-1.87,69.1,96.8,0.282,0.366,0.503,48.3,48.8,10.5,6.9,0.475,15.9,26.4,0.192,69.1,103.2,0.326,0.357,0.549,51.7,52.1,8.5,12,0.514,16.8,27.7,0.24,2022-2023
Lafayette,0.154,-0.49,62.9,96.6,0.218,0.534,0.52,46.5,68.8,8.1,9.4,0.501,16.8,22.6,0.146,62.9,106,0.303,0.431,0.543,53.5,54,10.2,7.3,0.513,14.9,28.9,0.217,2022-2023
Lamar,0.308,-3.33,69.8,97.3,0.262,0.326,0.493,50.1,57.4,11,10.8,0.47,16.8,34.9,0.17,69.8,107,0.272,0.482,0.55,49.9,67.3,10.5,10.1,0.532,17.3,33.8,0.179,2022-2023
Lehigh,0.455,-2.63,72.9,97.6,0.259,0.384,0.531,49.7,54.2,9.5,7.5,0.505,17.3,23.1,0.183,72.9,99,0.278,0.354,0.513,50.3,48.6,9.6,7.9,0.49,14.9,25.4,0.182,2022-2023
Liberty,0.714,2.07,66.1,115.2,0.245,0.542,0.61,51.8,69.9,10.8,7.3,0.59,15.4,25.1,0.181,66.1,91.7,0.29,0.367,0.51,48.2,46.8,9.8,11.7,0.472,19.3,22.7,0.216,2022-2023
Lindenwood,0.357,-2.08,71,95.3,0.246,0.355,0.5,48.8,47.6,10.5,7.4,0.473,16.7,27.1,0.17,71,99.2,0.267,0.441,0.529,51.2,58,10.6,8.8,0.5,17.8,27.8,0.191,2022-2023
Lipscomb,0.615,-4.17,70.5,110.3,0.248,0.386,0.567,53,48.1,8.3,8.9,0.547,15.1,30.6,0.174,70.5,98,0.246,0.367,0.517,47,41,7.7,5.5,0.488,16.5,26,0.177,2022-2023
Little Rock,0.357,-3.57,73.3,100.6,0.371,0.337,0.52,48.8,51.4,9.7,6,0.48,16.8,30.8,0.265,73.3,107,0.377,0.366,0.557,51.2,52.1,9.3,8.6,0.531,17.1,32.7,0.251,2022-2023
Long Beach State,0.462,2.04,73.7,101.8,0.29,0.236,0.52,53.2,51.3,11.5,8.2,0.499,16.4,34.4,0.185,73.7,97.4,0.295,0.454,0.516,46.8,59.7,9.8,8.3,0.479,18.1,28.9,0.219,2022-2023
Long Island University,0.154,2.83,75.6,90.3,0.356,0.284,0.5,46,54.6,8.7,8.9,0.476,20.2,26,0.218,75.6,109.3,0.302,0.354,0.561,54,58.2,11.6,9.2,0.541,16.1,33.1,0.2,2022-2023
Longwood,0.643,-4.33,69.8,114.1,0.323,0.366,0.572,53,50.4,9.3,7.1,0.539,14.6,33.8,0.241,69.8,98.9,0.295,0.446,0.536,47,55.6,9.3,9.3,0.506,18.7,27.6,0.21,2022-2023
Louisiana,0.769,-2.38,72.1,113.8,0.325,0.338,0.585,54.7,52.8,9.5,9.6,0.56,15.3,34.4,0.231,72.1,99.8,0.263,0.322,0.525,45.3,43.1,7.8,7.6,0.49,16.4,26.5,0.202,2022-2023
Louisiana State,0.923,-1.51,68.4,105.3,0.322,0.371,0.55,51.7,53,12.4,8.9,0.523,16.2,30,0.222,68.4,92.7,0.26,0.393,0.497,48.3,46.3,8.3,6.9,0.47,18.6,27.7,0.176,2022-2023
Louisiana Tech,0.615,-2.79,72.3,107.7,0.299,0.437,0.567,53.6,54.1,12.9,7.7,0.539,17.9,33.6,0.218,72.3,93.5,0.383,0.44,0.538,46.4,63.1,9.8,9.9,0.506,22.6,26,0.261,2022-2023
Louisiana-Monroe,0.357,-1.82,69.9,101.1,0.34,0.351,0.521,50.7,59.9,12.5,11.1,0.485,17.5,33.8,0.24,69.9,99.4,0.248,0.412,0.527,49.3,55,9.5,9,0.496,18.8,32.4,0.188,2022-2023
Louisville,0.154,3.3,69.5,88.3,0.368,0.349,0.504,48.3,41.9,7.6,8,0.456,21.5,24.4,0.272,69.5,105.6,0.265,0.373,0.548,51.7,49.9,10.4,9.8,0.526,15.5,28.7,0.181,2022-2023
Loyola (IL),0.5,-2.51,66.4,99.6,0.298,0.416,0.568,52,54.9,8.7,9,0.545,22.2,28.3,0.208,66.4,99.6,0.364,0.378,0.521,48,47.1,12.8,8.8,0.477,16.2,27.8,0.268,2022-2023
Loyola (MD),0.385,-4.91,68.4,97.8,0.278,0.4,0.533,48.8,61.1,11.6,6.9,0.517,19.2,28,0.174,68.4,99.3,0.266,0.341,0.544,51.2,51,11.1,8.3,0.521,19.8,29.2,0.183,2022-2023
Loyola Marymount,0.733,2.8,69.8,108.8,0.279,0.448,0.556,53.5,47.4,8.5,6.7,0.539,15.2,30.3,0.183,69.8,97.9,0.345,0.353,0.515,46.5,49.5,6.6,6.7,0.482,15,24,0.234,2022-2023
Maine,0.462,-2.87,67.9,102.9,0.205,0.357,0.547,49.1,52,14.1,6.9,0.527,16.5,25.9,0.147,67.9,99.9,0.234,0.371,0.542,50.9,49.9,8.5,9.8,0.522,18.5,27.7,0.161,2022-2023
Manhattan,0.364,-6.79,70.1,99.4,0.283,0.408,0.536,45.5,49,11.3,12,0.514,17.7,25.5,0.188,70.1,102.5,0.343,0.371,0.544,54.5,52.4,11.9,9.2,0.517,19.1,34.6,0.232,2022-2023
Marist,0.364,-8.24,66.3,95,0.244,0.476,0.495,48.4,50.8,10.6,13.3,0.473,15.8,25.1,0.158,66.3,98.5,0.288,0.396,0.523,51.6,44.5,8.8,8.1,0.493,17.3,27,0.203,2022-2023
Marquette,0.714,4.62,70.8,113.5,0.285,0.411,0.586,48.4,58.5,12.6,10.2,0.567,14.1,26.4,0.197,70.8,96.7,0.309,0.388,0.523,51.6,56.4,8.9,8.2,0.496,19.3,30.3,0.209,2022-2023
Marshall,0.857,-3.99,73.5,113.3,0.185,0.356,0.541,54.1,58.6,12.3,14.4,0.53,13.5,38.6,0.118,73.5,92.9,0.234,0.378,0.477,45.9,49.9,8.5,3.6,0.455,17.1,31.1,0.151,2022-2023
Maryland,0.769,2.14,67.9,110.2,0.384,0.413,0.566,52.6,43.5,7.6,11,0.533,15.2,30.5,0.272,67.9,91.1,0.27,0.32,0.467,47.4,42.1,7.5,7.7,0.434,16,28.9,0.185,2022-2023
Maryland-Baltimore County,0.643,-5.04,70,109.5,0.257,0.431,0.553,50.9,54.6,8.3,6.3,0.523,13.7,28.5,0.195,70,104.7,0.278,0.378,0.554,49.1,49.7,7.9,9.8,0.524,15.7,25.6,0.205,2022-2023
Maryland-Eastern Shore,0.462,1.28,69,95.8,0.236,0.385,0.509,47.9,54.3,13.9,4.9,0.48,17.6,27.9,0.172,69,98.8,0.329,0.403,0.542,52.1,54.1,9.4,8.3,0.502,20,30.1,0.249,2022-2023
Massachusetts,0.75,-0.9,70.9,98.7,0.326,0.277,0.5,52.2,57.2,10.5,11.7,0.467,16.9,33.8,0.22,70.9,92.6,0.334,0.4,0.498,47.8,59.7,10.6,8,0.466,18.4,28.5,0.221,2022-2023
Massachusetts-Lowell,0.857,-8.31,72.6,110.2,0.289,0.292,0.578,56.6,52.7,11.2,13.7,0.558,18,37,0.199,72.6,86.1,0.294,0.344,0.46,43.4,48.5,11.4,7.4,0.415,18.9,27.2,0.218,2022-2023
McNeese State,0.231,3.14,68.5,91.9,0.248,0.424,0.492,48.8,45.3,12.7,6.2,0.48,20.8,32.6,0.14,68.5,109.5,0.328,0.472,0.572,51.2,71.4,10.9,9.1,0.559,17.5,33.3,0.205,2022-2023
Memphis,0.786,4.14,73.1,106.5,0.342,0.268,0.55,50.4,56.2,13.1,14.9,0.516,16.1,33,0.247,73.1,94.6,0.343,0.42,0.494,49.6,56.7,9.9,8.2,0.448,18.5,33.7,0.253,2022-2023
Mercer,0.5,-2.83,67.2,113,0.322,0.319,0.589,52.5,60.9,8.6,5.3,0.564,15.3,30.7,0.229,67.2,102.5,0.346,0.331,0.526,47.5,48.1,8.3,8.2,0.483,15.3,28.8,0.259,2022-2023
Merrimack,0.133,0.27,67.4,83.7,0.288,0.487,0.483,39.6,54.1,15.5,11,0.447,20.6,17.3,0.205,67.4,98,0.255,0.383,0.536,60.4,62.7,10.8,12.2,0.501,22.2,37.4,0.199,2022-2023
Miami (FL),0.923,2.03,68.6,113.8,0.277,0.363,0.573,51.4,53.7,11.3,11.5,0.542,14.5,33.7,0.212,68.6,99.2,0.264,0.38,0.517,48.6,54.3,8.8,6,0.486,17.5,31.8,0.192,2022-2023
Miami (OH),0.462,-0.36,71.6,106.8,0.305,0.443,0.567,49.3,55.1,10.5,10.3,0.525,17.5,29.2,0.248,71.6,104.3,0.296,0.385,0.575,50.7,56,11.7,9.1,0.546,19.6,29.5,0.219,2022-2023
Michigan,0.583,2.64,69.8,107.7,0.337,0.379,0.542,48.2,47.7,7.8,13,0.515,11.8,24.1,0.226,69.8,101.2,0.26,0.358,0.513,51.8,47,7.2,6.9,0.491,14.7,29,0.171,2022-2023
Michigan State,0.667,6.96,65.8,103.5,0.238,0.334,0.531,52.5,61.9,7.1,9.8,0.502,14.6,28.3,0.177,65.8,98.9,0.273,0.435,0.5,47.5,56.9,9.4,9.6,0.465,13.1,24.7,0.198,2022-2023
Middle Tennessee,0.615,-0.12,68,104.3,0.313,0.36,0.539,54.1,42.7,12.1,15.2,0.515,17.1,35.3,0.207,68,96.3,0.366,0.36,0.557,45.9,51.2,10,6.9,0.514,22.2,25.1,0.278,2022-2023
Milwaukee,0.615,-3.41,72.1,108.2,0.333,0.363,0.574,53.6,51.7,11.1,16.7,0.541,18.5,34.2,0.246,72.1,93.2,0.311,0.429,0.49,46.4,54.4,9.9,10.1,0.457,18.1,29.6,0.21,2022-2023
Minnesota,0.5,0.75,65.1,96.5,0.347,0.387,0.508,48.3,62.8,7.5,11,0.49,17.7,28.5,0.204,65.1,101.5,0.204,0.346,0.497,51.7,53,10.1,11.4,0.471,14.3,33.6,0.147,2022-2023
Mississippi,0.615,3.64,66.9,103.1,0.309,0.325,0.52,53.3,49.7,12.2,12.2,0.492,16.8,36.8,0.21,66.9,94.6,0.258,0.315,0.493,46.7,56.8,11.2,8.1,0.459,17.7,30.7,0.189,2022-2023
Mississippi State,0.846,-1.15,65.9,103.4,0.322,0.373,0.507,54.6,62.8,15.3,14.1,0.48,15.9,37,0.208,65.9,82.7,0.201,0.438,0.458,45.4,57.5,8.5,6.9,0.431,21.3,27.3,0.141,2022-2023
Mississippi Valley State,0.071,4.78,66.7,79.1,0.343,0.254,0.446,45.9,44.9,9.2,6.9,0.412,22.8,27.9,0.213,66.7,115.7,0.361,0.462,0.571,54.1,60.4,14.5,11.3,0.547,13.8,35.1,0.244,2022-2023
Missouri,0.923,-0.3,73.7,119.3,0.275,0.42,0.613,47.9,60.6,16.8,10.2,0.589,14.5,31.3,0.206,73.7,100.4,0.327,0.436,0.55,52.1,53.5,9.7,6,0.514,22.2,36.2,0.242,2022-2023
Missouri State,0.462,2.67,64.7,102.6,0.256,0.442,0.53,51.7,48.8,11.1,11.1,0.518,16.1,30.4,0.153,64.7,96.1,0.294,0.376,0.511,48.3,46.9,7.5,13.3,0.483,17.6,26.9,0.197,2022-2023
Monmouth,0.071,2.35,69.8,85.1,0.331,0.292,0.462,46.2,53,11.5,6.8,0.432,20.8,30,0.206,69.8,116.6,0.409,0.436,0.613,53.8,55.5,11.5,11.8,0.587,17.6,34.9,0.289,2022-2023
Montana,0.462,0.89,65.8,105.4,0.338,0.405,0.565,50.1,48.4,7.1,6.9,0.525,16.4,24.9,0.261,65.8,106.8,0.44,0.361,0.557,49.9,50.5,9.2,7.6,0.504,14.3,25.1,0.339,2022-2023
Montana State,0.571,1.61,70.9,109.1,0.347,0.389,0.578,53.8,53.9,9.4,8.4,0.545,16.5,29.1,0.255,70.9,96.4,0.337,0.374,0.518,46.2,37.8,9.7,6.3,0.476,16.8,23.4,0.25,2022-2023
Morehead State,0.571,0.81,69.9,102.9,0.364,0.401,0.535,53.5,55.8,8.7,9.1,0.494,16.3,30,0.265,69.9,98,0.285,0.323,0.519,46.5,43.3,8.6,11,0.492,15.6,22.7,0.196,2022-2023
Morgan State,0.333,4.97,74.8,104.5,0.24,0.279,0.546,48.2,54.3,16,11.5,0.525,17.7,33.9,0.165,74.8,94.5,0.435,0.368,0.523,51.8,59,10.6,9.2,0.484,23.2,37.2,0.294,2022-2023
Mount St. Mary's,0.385,-3.17,66.9,96.8,0.264,0.346,0.504,50.1,59.6,9.8,8,0.473,17.6,31.6,0.187,66.9,97.5,0.311,0.348,0.507,49.9,46.9,12.3,9.1,0.478,17.7,31.2,0.207,2022-2023
Murray State,0.538,-2.19,67.2,103.5,0.357,0.349,0.536,51.1,49.1,7.6,7.6,0.501,15.2,28.6,0.252,67.2,101.1,0.231,0.398,0.504,48.9,52.2,8.8,5.4,0.479,14,28.7,0.16,2022-2023
Navy,0.583,-1.88,65.7,109.1,0.184,0.404,0.576,51.7,57.1,8.9,6.6,0.564,17.1,31.1,0.124,65.7,105.1,0.285,0.403,0.542,48.3,53.7,9.6,8.1,0.517,16.1,29.5,0.196,2022-2023
NC State,0.786,0.44,71.8,112.3,0.286,0.403,0.562,52.9,51.3,12.9,11.6,0.537,13.6,31.9,0.202,71.8,94.1,0.306,0.335,0.513,47.1,48.6,9,5.9,0.485,18.7,25.6,0.205,2022-2023
Nebraska,0.571,5.93,67.5,100,0.268,0.375,0.52,52.8,53.8,8.8,7.3,0.498,16.9,32,0.176,67.5,95.2,0.192,0.417,0.488,47.2,59.5,10.9,12,0.474,16.5,28.2,0.119,2022-2023
Nevada,0.786,4.19,67.5,107.2,0.438,0.428,0.562,49.4,60.7,8.1,10.4,0.507,13.7,22.5,0.344,67.5,95.1,0.311,0.39,0.49,50.6,49.2,7,7.2,0.452,15.8,26.7,0.222,2022-2023
Nevada-Las Vegas,0.846,1.43,71.7,107.3,0.343,0.379,0.546,49.7,52.4,15,12.9,0.515,15,31.2,0.239,71.7,87.9,0.251,0.488,0.499,50.3,57.3,9.7,6.9,0.474,24.4,31.7,0.17,2022-2023
New Hampshire,0.417,-5.99,66.3,100.1,0.239,0.411,0.497,50.9,50.9,8.2,6.1,0.464,13.5,28.9,0.177,66.3,97.1,0.329,0.375,0.499,49.1,43.4,8.3,8.6,0.46,14.7,25.3,0.233,2022-2023
New Mexico,1,0.92,74,114.6,0.452,0.278,0.584,54.8,56.1,9.9,12.9,0.543,13.7,30.8,0.332,74,91.7,0.285,0.389,0.487,45.2,54.4,8.4,4.8,0.461,17.3,24.8,0.184,2022-2023
New Mexico State,0.538,4.54,72.4,108.3,0.311,0.378,0.551,53.5,48.1,10.8,8.7,0.524,14.5,31,0.217,72.4,92.9,0.335,0.443,0.497,46.5,51.5,8,7.6,0.458,17.2,24.9,0.235,2022-2023
New Orleans,0.273,1.48,73.7,89.8,0.338,0.289,0.512,45.7,59.8,9,4.7,0.474,22,25.5,0.24,73.7,109.7,0.397,0.386,0.605,54.3,51.4,11.5,7.6,0.581,19.2,31.4,0.276,2022-2023
Niagara,0.545,-2.77,64.8,100,0.283,0.327,0.528,50.5,50.4,6.7,7.4,0.497,16.5,27.9,0.205,64.8,101.5,0.295,0.309,0.505,49.5,38.6,9.7,12.8,0.474,13.2,29.4,0.204,2022-2023
Nicholls State,0.462,8.94,76.9,101.3,0.278,0.362,0.534,48.5,52.4,13.8,8.2,0.514,17.2,29.4,0.18,76.9,95.4,0.506,0.399,0.538,51.5,61.8,8.5,7.1,0.497,22.2,30.8,0.34,2022-2023
NJIT,0.231,-5.41,66.6,96.1,0.355,0.377,0.501,47.6,56.2,8.6,8.4,0.472,15.9,25.3,0.228,66.6,103.8,0.283,0.36,0.516,52.4,49.2,7.6,10,0.489,13.7,30.7,0.193,2022-2023
Norfolk State,0.643,1.05,68.4,108.9,0.289,0.375,0.557,51.5,50.5,9.7,11.9,0.53,15.2,32.9,0.205,68.4,102.4,0.333,0.469,0.526,48.5,64.3,9.6,8.8,0.503,16.3,30.9,0.213,2022-2023
North Alabama,0.615,-3.19,71.7,106.9,0.326,0.32,0.558,52.4,46,9.3,8.4,0.536,15.7,28.5,0.216,71.7,99.2,0.313,0.336,0.524,47.6,49.1,8.9,8.9,0.498,16,25.1,0.208,2022-2023
North Carolina,0.692,8.57,70.6,110,0.435,0.343,0.557,53,46.7,8.1,9.7,0.512,13.8,30,0.32,70.6,100.6,0.225,0.362,0.513,47,46.7,8.9,7.1,0.492,14.2,26.3,0.151,2022-2023
North Carolina A&T,0.357,3.29,70.4,100.2,0.279,0.44,0.526,47.6,47.6,11,8.1,0.496,15.3,24.7,0.197,70.4,102.6,0.326,0.342,0.533,52.4,51.3,7,7.9,0.506,16.1,29.6,0.219,2022-2023
North Carolina Central,0.462,2.43,71,109.5,0.284,0.331,0.58,51.3,54.7,11.7,6.6,0.559,16.7,29,0.198,71,95.8,0.335,0.403,0.54,48.7,59.9,7.6,12.3,0.524,20.9,27,0.205,2022-2023
North Dakota,0.429,-0.49,67.4,103.6,0.28,0.409,0.551,51.4,49.9,6.9,7.1,0.533,18.2,30.3,0.184,67.4,105.1,0.273,0.338,0.535,48.6,40.7,11.2,7.5,0.511,14.1,28.5,0.186,2022-2023
North Dakota State,0.214,3,71.1,99.4,0.315,0.434,0.525,50.2,43.2,5.8,5.8,0.496,15.8,24.5,0.213,71.1,108,0.31,0.314,0.552,49.8,44.3,10.8,9.3,0.517,12.2,23.4,0.235,2022-2023
North Florida,0.417,1.83,73.2,101.9,0.301,0.489,0.546,46.9,52.2,7.6,6.7,0.521,17,24.5,0.206,73.2,105,0.263,0.243,0.51,53.1,51.8,10.8,12.8,0.478,12.4,32.8,0.191,2022-2023
North Texas,0.769,2.49,59.7,102.1,0.327,0.423,0.491,54.2,48.2,10.7,9.3,0.453,14.4,36.8,0.229,59.7,86.6,0.418,0.365,0.471,45.8,45.2,8.5,7.9,0.426,19.8,26.6,0.277,2022-2023
Northeastern,0.417,-2.55,68.1,95.6,0.256,0.381,0.499,51.5,53.2,8.5,10.5,0.479,18.2,32.4,0.161,68.1,101.9,0.308,0.272,0.51,48.5,43.2,11.9,12.4,0.48,13.2,29.6,0.21,2022-2023
Northern Arizona,0.286,3.01,70.3,102.1,0.263,0.396,0.514,49.5,57.5,8.5,4.9,0.488,14.5,28.9,0.182,70.3,106.1,0.437,0.375,0.567,50.5,54,8.2,10.5,0.52,16.6,26.4,0.329,2022-2023
Northern Colorado,0.385,3.93,69.1,102.2,0.333,0.452,0.554,46.2,49.2,6.1,3.5,0.512,16.8,22.2,0.259,69.1,114.2,0.295,0.327,0.564,53.8,44.7,8.9,12.6,0.535,12.2,31.1,0.214,2022-2023
Northern Illinois,0.308,-0.35,72.5,95.4,0.287,0.368,0.527,47.8,43.1,8.8,7.5,0.501,19.4,25.9,0.195,72.5,105.1,0.339,0.37,0.548,52.2,48.9,9.7,10.7,0.517,16.6,30.2,0.237,2022-2023
Northern Iowa,0.385,-0.28,67.9,102.9,0.314,0.392,0.546,50.2,45.3,9.6,5.9,0.523,17,26.9,0.21,67.9,97.8,0.225,0.47,0.533,49.8,48.4,10.4,5.9,0.512,18.6,26.3,0.156,2022-2023
Northern Kentucky,0.571,2.4,64.5,100.5,0.316,0.374,0.517,49.7,55.5,13.8,8.3,0.492,16.9,32.9,0.204,64.5,97.3,0.284,0.39,0.535,50.3,62.2,10.1,7.3,0.516,21.4,31.9,0.183,2022-2023
Northwestern,0.833,0.47,67.4,101.1,0.303,0.435,0.504,53.1,60.2,12.7,17.5,0.461,14.9,31.6,0.231,67.4,82.6,0.288,0.462,0.46,46.9,63.8,7.8,11.2,0.425,20.9,25.1,0.197,2022-2023
Northwestern State,0.615,0.02,68.9,102,0.234,0.398,0.491,45.5,41.3,13.4,6,0.466,13.5,33,0.16,68.9,105.6,0.412,0.342,0.567,54.5,58.4,7.5,9.6,0.521,20.3,37.6,0.315,2022-2023
Notre Dame,0.615,0.55,64.3,109.7,0.24,0.419,0.575,48.5,47.4,6.9,8.6,0.545,12.9,19.9,0.191,64.3,105.5,0.182,0.339,0.535,51.5,46.8,7.8,6.5,0.509,12.1,23.8,0.145,2022-2023
Oakland,0.214,2.08,70.2,101.6,0.279,0.426,0.522,43.8,47.9,9.3,6.7,0.491,13.3,23.2,0.2,70.2,110,0.218,0.391,0.562,56.3,62.4,8.3,8.7,0.543,16,34.3,0.154,2022-2023
Ohio,0.583,-0.8,68.7,111.8,0.231,0.368,0.553,53.6,49.3,9.6,6.7,0.532,14.4,35.4,0.164,68.7,102.4,0.266,0.388,0.519,46.4,51.8,9.4,8.8,0.496,14.9,29.1,0.177,2022-2023
Ohio State,0.75,3.08,68.5,118.1,0.283,0.335,0.581,56.5,47.1,6.9,9.9,0.557,14.2,37.7,0.206,68.5,94.1,0.241,0.335,0.483,43.5,46.4,7.3,5.7,0.452,15.1,26.5,0.172,2022-2023
Oklahoma,0.75,4.09,64.5,107,0.299,0.347,0.596,52.3,56.4,8.7,8,0.574,17.7,21.3,0.214,64.5,94.1,0.241,0.334,0.496,47.7,41.2,10.6,8.3,0.467,14.8,22.1,0.17,2022-2023
Oklahoma State,0.667,3.4,68.8,103.1,0.326,0.374,0.546,55.6,55.2,9.6,15.5,0.512,18.7,35,0.236,68.8,88.5,0.298,0.416,0.464,44.4,47,11.8,6.6,0.416,16.9,26.4,0.227,2022-2023
Old Dominion,0.615,-0.05,65.4,103.4,0.363,0.248,0.502,53.1,44.4,9.5,12,0.475,13.4,34.2,0.226,65.4,98.9,0.344,0.426,0.52,46.9,54.6,7.9,7.3,0.49,16.5,26.4,0.23,2022-2023
Omaha,0.357,4.04,69.9,99.6,0.288,0.303,0.536,47.3,49.4,8.9,10,0.496,17.5,25.1,0.227,69.9,110.4,0.316,0.391,0.573,52.7,55.2,12.2,8.4,0.543,15.7,30.6,0.233,2022-2023
Oral Roberts,0.786,4.23,74.2,115,0.245,0.456,0.58,50,51.4,10,15.6,0.555,12.5,26.3,0.185,74.2,98.7,0.207,0.408,0.519,50,45.1,8.2,8.2,0.493,16.7,27.3,0.154,2022-2023
Oregon,0.538,9.04,67.2,103.5,0.343,0.397,0.537,54.4,53.5,8.5,15.1,0.512,17.3,34,0.225,67.2,96.5,0.207,0.402,0.496,45.6,51.3,8.5,6.2,0.467,15.1,26.5,0.155,2022-2023
Oregon State,0.538,0.39,67,97.5,0.388,0.358,0.541,50.5,54,7.6,12.2,0.495,18.6,24.1,0.292,67,96.7,0.339,0.374,0.504,49.5,53.5,9.8,7.1,0.46,15.7,26.7,0.252,2022-2023
Pacific,0.438,-2.93,69.3,105.1,0.326,0.399,0.549,46.8,45.3,8.2,7.8,0.521,15.3,25.6,0.224,69.3,104.2,0.384,0.382,0.554,53.2,52.9,7.5,8.9,0.531,18,31.3,0.248,2022-2023
Penn State,0.769,1.09,66.6,111.2,0.2,0.485,0.575,48.7,57.8,7.8,6.8,0.553,11.8,18.9,0.154,66.6,95.8,0.227,0.398,0.49,51.3,57.3,6.7,10,0.46,14,24.9,0.166,2022-2023
Pennsylvania,0.5,0.39,66.9,107.8,0.266,0.421,0.557,52.9,59.6,8.1,9.8,0.528,16.3,30.9,0.197,66.9,106.3,0.331,0.447,0.53,47.1,52.7,9.7,8.6,0.5,12.1,26.8,0.227,2022-2023
Pepperdine,0.5,3.14,73.5,104,0.267,0.387,0.561,50.9,53.5,7.8,11.2,0.54,17.3,26.2,0.184,73.5,98.6,0.302,0.327,0.5,49.1,48,10.1,5.1,0.465,14.3,27.7,0.214,2022-2023
Pittsburgh,0.692,-0.36,69.9,108.4,0.334,0.443,0.561,54.7,56.7,8.3,11,0.53,17,34.4,0.242,69.9,96.5,0.292,0.391,0.487,45.3,50.6,9.9,11.1,0.462,14.8,27.3,0.186,2022-2023
Portland,0.5,1.19,72.8,108.3,0.398,0.448,0.581,49.8,62.6,7,6.7,0.548,16.2,24.5,0.286,72.8,100.9,0.286,0.405,0.53,50.2,51.6,8.3,4.8,0.504,16.1,26.7,0.194,2022-2023
Portland State,0.462,4.41,74.1,107.9,0.359,0.394,0.555,49.1,52.9,11.1,8.6,0.516,15.6,30.6,0.269,74.1,98.8,0.525,0.371,0.554,50.9,54.7,7.1,6.6,0.492,21.3,30.4,0.4,2022-2023
Prairie View,0.333,1.38,71.4,98.7,0.293,0.321,0.493,50.6,42.1,11.3,8.5,0.456,14.9,32.2,0.211,71.4,102.8,0.456,0.384,0.575,49.4,52.4,7.4,10.8,0.534,19.3,26.6,0.33,2022-2023
Presbyterian,0.357,-3.47,65.8,99.1,0.352,0.352,0.506,51.5,49.1,8.3,9.8,0.48,16.5,33.1,0.221,65.8,103.2,0.324,0.365,0.537,48.5,47.1,10.2,9.5,0.512,16,29,0.216,2022-2023
Princeton,0.692,-4.53,70,109.1,0.279,0.412,0.576,57.1,52.7,7.9,8,0.555,16.9,30.2,0.195,70,93,0.252,0.316,0.489,42.9,45.8,9.1,8.5,0.461,14.1,19.6,0.174,2022-2023
Providence,0.786,-1.18,69.7,113.6,0.405,0.303,0.565,57.3,54,11.3,12.2,0.525,15.3,39.1,0.297,69.7,96.3,0.229,0.317,0.508,42.7,42.6,9.6,8.9,0.476,16.3,25.9,0.174,2022-2023
Purdue,1,2.25,65.6,116.6,0.407,0.4,0.565,59,58.8,7.2,12.2,0.52,12.9,39.1,0.307,65.6,91.4,0.178,0.393,0.465,41,50.5,7.3,8.7,0.44,14,23.5,0.128,2022-2023
Purdue-Fort Wayne,0.643,-0.97,72.1,105.5,0.272,0.487,0.549,53.6,53.8,11.1,7,0.525,16.8,28.9,0.189,72.1,88.2,0.204,0.42,0.489,46.4,45.9,9.6,9.4,0.469,17.8,20.8,0.135,2022-2023
Queens (NC),0.786,-4.12,71.4,112.4,0.371,0.439,0.568,55.7,52.7,9,6.5,0.537,16.5,36,0.26,71.4,99.8,0.225,0.352,0.514,44.3,47.7,9.7,10,0.493,14.2,25.7,0.152,2022-2023
Quinnipiac,0.692,-5.88,70.1,103.2,0.345,0.371,0.522,54.1,50.1,9.9,7.2,0.501,16.1,34.2,0.213,70.1,95.8,0.284,0.407,0.497,45.9,49.7,9.2,10.9,0.464,15.6,26.1,0.202,2022-2023
Radford,0.429,-1.87,68.5,106.5,0.309,0.34,0.549,50,48.7,11.1,10.3,0.526,15.5,29.1,0.207,68.5,97.1,0.304,0.354,0.533,50,50.4,9.3,5.8,0.501,19.8,28.8,0.219,2022-2023
Rhode Island,0.333,-1.32,68,96.1,0.358,0.301,0.494,53.2,55.6,8.6,9.5,0.446,18.5,35.6,0.264,68,99.2,0.322,0.348,0.511,46.8,51.9,10.9,14.4,0.478,15.5,29,0.222,2022-2023
Rice,0.769,-2.91,73.4,112.4,0.339,0.438,0.605,54.2,63.5,8.3,4.7,0.576,16.7,26.9,0.251,73.4,98.5,0.239,0.369,0.529,45.8,48.5,9.8,6.5,0.511,16.1,21.9,0.156,2022-2023
Richmond,0.538,-0.76,66.6,103.9,0.28,0.464,0.558,50.3,54.9,8.8,8.3,0.533,16.3,22.7,0.199,66.6,95.6,0.242,0.414,0.498,49.7,48.7,10,10.6,0.472,15.1,25.2,0.167,2022-2023
Rider,0.455,-3.63,67.2,107.3,0.272,0.281,0.519,52.2,46.3,8.4,8.3,0.483,13.5,34.6,0.207,67.2,103.2,0.387,0.43,0.527,47.8,54.4,8.9,7.4,0.503,15.3,30.3,0.24,2022-2023
Robert Morris,0.5,-0.19,68.6,101.5,0.246,0.346,0.532,49.5,52.2,10.2,9.4,0.515,16.6,27.9,0.16,68.6,95.2,0.269,0.324,0.508,50.5,46.1,9.1,6.5,0.476,18.2,29,0.194,2022-2023
Rutgers,0.667,1.35,68.4,104.8,0.327,0.299,0.524,53.3,56.7,15,12.9,0.487,15.5,34.2,0.237,68.4,79.4,0.258,0.407,0.444,46.7,51.5,9.6,8.8,0.414,22.2,28.2,0.17,2022-2023
Sacramento State,0.538,1.52,64.7,100.8,0.292,0.377,0.538,53.1,54.9,8.1,6.7,0.512,19,31.9,0.201,64.7,102.1,0.234,0.259,0.518,46.9,44.4,11,10.1,0.493,13.5,26.7,0.164,2022-2023
Sacred Heart,0.4,-7.35,72.5,96.7,0.257,0.406,0.504,48,52.9,11.2,8.9,0.476,16.4,26.7,0.178,72.5,101.5,0.258,0.397,0.537,52,56,10.4,8.9,0.508,17,29.2,0.19,2022-2023
Saint Francis (PA),0.286,-1.37,70.4,104.5,0.286,0.362,0.55,48.4,52.7,7,4,0.525,15.8,25.8,0.2,70.4,108.8,0.296,0.325,0.554,51.6,51.6,8.8,8.4,0.531,13.6,28.8,0.201,2022-2023
Saint Joseph's,0.5,-2.46,69.4,101.4,0.384,0.467,0.535,48.5,51.8,9.6,8.2,0.499,17,28.1,0.267,69.4,102.1,0.309,0.479,0.531,51.5,60.2,10.1,12.5,0.504,16.9,31.3,0.21,2022-2023
Saint Louis,0.615,5.15,70.6,108.1,0.301,0.34,0.533,54.2,58.7,6.3,9.9,0.494,13.8,34,0.229,70.6,100.5,0.314,0.376,0.497,45.8,51.3,8.8,10.8,0.452,12.4,27.2,0.238,2022-2023
Saint Mary's (CA),0.733,7.04,64.4,107.5,0.309,0.369,0.546,56.6,48.8,11.9,9.1,0.528,15.2,33.1,0.198,64.4,88.6,0.273,0.31,0.489,43.4,34.8,7.4,9.3,0.451,18.2,20,0.203,2022-2023
Saint Peter's,0.5,-5.83,65.7,97.3,0.273,0.363,0.474,54.7,47.8,8.7,11.8,0.444,16.3,38.5,0.184,65.7,99.6,0.558,0.367,0.526,45.3,45.1,7.7,12,0.47,16,25.7,0.389,2022-2023
Sam Houston State,0.769,1.74,69.6,113.9,0.212,0.371,0.554,57.4,51.8,15.3,7.8,0.54,15.3,39.9,0.141,69.6,78.8,0.322,0.468,0.475,42.6,57.4,8.1,9.8,0.432,25.7,24.1,0.232,2022-2023
Samford,0.5,-3.5,71.4,108.5,0.408,0.426,0.556,52.8,47,11,8.2,0.513,16.8,33.9,0.301,71.4,97.3,0.365,0.405,0.539,47.2,58.3,9.3,7.9,0.51,20.3,27.7,0.245,2022-2023
San Diego,0.467,2.83,70.1,109.3,0.324,0.359,0.552,50.1,51.7,10,6.3,0.515,14.3,31.2,0.243,70.1,108.2,0.326,0.412,0.579,49.9,60.7,7.9,8,0.561,17.8,29.1,0.215,2022-2023
San Diego State,0.769,8.11,70.4,105.7,0.343,0.365,0.554,52.6,52.6,12.6,9.1,0.519,15.8,28.9,0.249,70.4,90.9,0.282,0.39,0.512,47.4,44.9,9.8,7.5,0.479,20.5,23.9,0.205,2022-2023
San Francisco,0.688,-0.06,71.4,105.1,0.315,0.498,0.556,53.1,53.8,10.7,5.9,0.523,17.6,30.1,0.232,71.4,94.3,0.332,0.301,0.507,46.9,38.5,9,5.9,0.468,16.8,24.7,0.237,2022-2023
San Jose State,0.714,-0.28,64.1,107.1,0.301,0.393,0.548,57.8,54.4,5.4,10.7,0.526,16.6,35.2,0.2,64.1,100.9,0.289,0.365,0.502,42.2,47.6,8.2,5.7,0.46,10.7,22.1,0.223,2022-2023
Santa Clara,0.813,4.19,71,103.3,0.301,0.395,0.536,54.7,54.9,8.6,10.2,0.504,16.4,31.4,0.217,71,96.2,0.201,0.394,0.51,45.3,54.6,9.4,6.8,0.488,15.7,22.5,0.141,2022-2023
Seattle,0.692,0.64,72.2,105.6,0.344,0.466,0.525,54.1,51.9,8.3,8.1,0.492,14.7,33.6,0.237,72.2,94.9,0.372,0.36,0.519,45.9,49,8.5,11.6,0.48,17.3,23,0.261,2022-2023
Seton Hall,0.5,6.03,69,99.5,0.484,0.363,0.529,52.1,52.6,11.2,13.5,0.488,19.3,32.8,0.323,69,92.5,0.331,0.341,0.492,47.9,53.6,12.5,11.7,0.453,18.4,29.4,0.233,2022-2023
Siena,0.583,-3.14,67.6,103.8,0.36,0.346,0.561,52.9,50.7,7.8,10.7,0.519,19.1,31,0.275,67.6,102.2,0.352,0.264,0.545,47.1,45.5,12.1,7.8,0.52,16.4,25.9,0.231,2022-2023
South Alabama,0.462,3.43,69.1,102,0.199,0.385,0.531,45.8,42.3,8.8,8.8,0.514,13.2,20.4,0.135,69.1,98.1,0.264,0.286,0.504,54.2,47.2,6.6,6.6,0.479,15.5,29.3,0.177,2022-2023
South Carolina,0.5,-1.37,65.4,97,0.252,0.401,0.484,52.1,48.2,6.6,8.6,0.465,16.4,34.8,0.152,65.4,105.2,0.239,0.362,0.543,47.9,53.4,10.3,8.5,0.527,14.7,28.2,0.155,2022-2023
South Carolina State,0.133,-0.81,73.1,96.7,0.268,0.308,0.479,45.8,46.5,9.9,8.9,0.449,14.7,31.3,0.182,73.1,119.7,0.437,0.404,0.617,54.2,61.5,8.4,11.4,0.591,16,35.8,0.31,2022-2023
South Carolina Upstate,0.5,-2.98,68.4,100.8,0.37,0.311,0.535,46.5,44.9,11.1,10.9,0.511,16.9,28.3,0.235,68.4,102.5,0.378,0.371,0.526,53.5,47.3,8.7,6.6,0.486,17.8,36.2,0.269,2022-2023
South Dakota,0.429,0.04,67.1,102.4,0.288,0.422,0.542,50.4,52.9,6.9,4.4,0.506,17.7,29.8,0.221,67.1,109.7,0.271,0.375,0.544,49.6,46.4,11.2,10.9,0.514,13.1,29.8,0.2,2022-2023
South Dakota State,0.429,4.78,70.4,94.1,0.322,0.412,0.537,47.7,45.1,7.3,7.4,0.489,19.7,19.3,0.261,70.4,102.5,0.215,0.415,0.543,52.3,49.5,12.2,12.6,0.518,15.9,25.7,0.16,2022-2023
South Florida,0.5,-1.98,68.8,103.2,0.275,0.355,0.52,51.8,50.3,10.3,7.7,0.501,15.5,33.7,0.173,68.8,99.2,0.383,0.401,0.532,48.2,54.1,8.7,9,0.486,18.8,28.7,0.286,2022-2023
Southeast Missouri State,0.357,0.22,74,97,0.326,0.418,0.519,49.3,54.4,9.3,10,0.487,17.3,26.1,0.226,74,97.9,0.451,0.391,0.528,50.7,51.5,9.6,9,0.49,17.9,27,0.302,2022-2023
Southeastern Louisiana,0.462,1.37,72.1,107.8,0.295,0.38,0.558,48.8,48.8,11,5.4,0.53,15.5,28.1,0.214,72.1,104.8,0.379,0.476,0.564,51.2,61.9,8.5,7.9,0.539,18.3,29.8,0.252,2022-2023
Southern,0.308,5.15,76.2,96.3,0.264,0.388,0.529,45.2,57.7,12.6,6.5,0.505,18.2,22.5,0.181,76.2,99.3,0.477,0.432,0.569,54.8,67.1,8.9,10.2,0.524,22.2,28.8,0.348,2022-2023
Southern California,0.769,2.98,69.4,102.5,0.363,0.327,0.55,49,57,10.5,14.8,0.517,17.9,26.9,0.256,69.4,93.5,0.293,0.371,0.478,51,55.2,9.9,7.4,0.438,16.3,32,0.214,2022-2023
Southern Illinois,0.714,-2.54,66.3,102.2,0.287,0.5,0.576,50,60.8,11.7,5,0.55,19,22.1,0.21,66.3,92,0.296,0.345,0.491,50,47.8,10.2,9.8,0.468,17.7,26.4,0.186,2022-2023
SIU Edwardsville,0.714,-1.03,69.7,108.2,0.372,0.344,0.548,51.3,46.9,11.2,13.5,0.509,15.3,34.3,0.272,69.7,97.6,0.273,0.373,0.509,48.7,49.1,8.6,7.6,0.475,18.5,32.4,0.2,2022-2023
Southern Indiana,0.571,-2.81,71.7,106.1,0.316,0.414,0.554,52.7,53.4,12.9,7.4,0.532,17.5,32.2,0.21,71.7,98.7,0.368,0.442,0.536,47.3,47.9,9.4,10.9,0.497,18.3,26.3,0.264,2022-2023
Southern Methodist,0.385,2.86,69.9,96.6,0.279,0.318,0.502,49.1,45.7,8,9.9,0.469,15.6,26.4,0.199,69.9,99.6,0.288,0.353,0.507,50.9,55.3,8.8,10.3,0.477,14.8,29.2,0.198,2022-2023
Southern Mississippi,0.857,-3.34,70,111.5,0.292,0.364,0.552,54.3,53.7,13.9,9.6,0.53,14.5,35.5,0.197,70,86.7,0.298,0.414,0.487,45.7,51,9.2,6.9,0.452,21.8,27.1,0.207,2022-2023
Southern Utah,0.643,3.33,76.2,114,0.382,0.393,0.575,54,45.4,12.6,9,0.541,14.8,32,0.277,76.2,93.2,0.303,0.379,0.522,46,47.8,8.7,9.1,0.494,19.6,23.9,0.207,2022-2023
St. Bonaventure,0.462,-1.78,66.7,99.5,0.29,0.351,0.515,50.5,47.2,9.9,11.1,0.487,17,31.3,0.198,66.7,98.5,0.384,0.36,0.519,49.5,52.6,8.2,7.7,0.482,17,29.5,0.263,2022-2023
St. Francis (NY),0.5,-6.8,67.9,97.5,0.293,0.341,0.491,48.1,54,12.4,12.4,0.456,15.7,32,0.209,67.9,97.7,0.315,0.258,0.511,51.9,51.5,8,7.5,0.479,18.7,34.5,0.217,2022-2023
St. John's (NY),0.786,-1.68,73.9,106.6,0.265,0.296,0.531,54.6,53.4,12.4,10.8,0.505,15.3,35.1,0.185,73.9,93.2,0.256,0.378,0.503,45.4,53.8,9.3,4.3,0.477,18,25.8,0.175,2022-2023
St. Thomas,0.688,-4.51,66.7,116.2,0.32,0.416,0.597,49.2,48.8,8.9,6,0.563,13.6,25.3,0.25,66.7,104.7,0.272,0.385,0.551,50.8,48.3,6.6,11.8,0.521,16.1,28.2,0.203,2022-2023
Stanford,0.385,7.05,68.2,100.2,0.332,0.409,0.536,52.8,55.4,10.3,12.1,0.499,18.6,30.3,0.243,68.2,94.6,0.275,0.365,0.518,47.2,51.3,9.9,8.5,0.487,18.2,24.1,0.197,2022-2023
Stephen F. Austin,0.643,-3.51,72.1,108.2,0.372,0.309,0.583,52.8,60.1,13.5,7.5,0.549,20,35.2,0.273,72.1,91.7,0.395,0.383,0.536,47.2,61.8,9.6,6.8,0.499,24.4,29.9,0.275,2022-2023
Stetson,0.455,2.11,64.7,113.8,0.208,0.436,0.561,50.6,53.9,8.8,9.6,0.543,13.9,35.1,0.146,64.7,108.9,0.266,0.357,0.535,49.4,52.5,7.5,6.4,0.504,14.4,34.3,0.198,2022-2023
Stonehill,0.333,-2.34,71.3,98.5,0.304,0.417,0.556,45.1,49.6,10.9,8.8,0.518,18,18.7,0.237,71.3,106.5,0.309,0.41,0.551,54.9,53.4,10.4,10.1,0.526,16.7,31.1,0.213,2022-2023
Stony Brook,0.308,-1.42,65.8,96.7,0.337,0.481,0.527,49.8,55.2,7.6,8.4,0.49,18,23.4,0.243,65.8,106.2,0.213,0.49,0.532,50.2,59.8,11.7,7.7,0.508,12.5,25.9,0.156,2022-2023
Syracuse,0.615,-0.91,68.2,108.4,0.287,0.292,0.543,49.1,51.6,11.5,17.9,0.511,13.9,31.4,0.21,68.2,99.9,0.226,0.488,0.498,50.9,68.9,9.1,5,0.477,16.7,35.4,0.149,2022-2023
Tarleton State,0.538,4.45,70.6,106.5,0.484,0.261,0.548,48.7,54.5,16.2,8.9,0.514,15.4,31.2,0.32,70.6,95.3,0.427,0.416,0.556,51.3,55.9,7.8,10.3,0.517,25.1,32.1,0.304,2022-2023
TCU,0.917,-4.78,71.8,110,0.362,0.314,0.539,53.7,60.9,11.9,13.3,0.504,13.3,36.4,0.254,71.8,85.3,0.282,0.335,0.462,46.3,52,9,10.3,0.433,20.6,29.7,0.181,2022-2023
Temple,0.5,1.96,66.9,101,0.341,0.432,0.539,48.4,56.2,7.3,9.9,0.499,17.5,27.1,0.255,66.9,100.9,0.298,0.309,0.508,51.6,51.1,11,8.7,0.476,14.9,31.8,0.209,2022-2023
Tennessee,0.846,4.19,68.6,106.6,0.392,0.411,0.527,55.7,69.2,15.4,13.5,0.485,16.5,39.5,0.28,68.6,76.9,0.329,0.423,0.432,44.3,47,10.4,10,0.377,22.8,27.8,0.246,2022-2023
Tennessee State,0.571,-6.47,72.3,110.4,0.363,0.405,0.564,50.5,50.6,8.4,9.8,0.531,14.3,28.5,0.26,72.3,103.2,0.325,0.408,0.559,49.5,49.6,8.4,6,0.527,18.2,27.1,0.239,2022-2023
Tennessee Tech,0.286,1.32,69.3,99.6,0.226,0.383,0.518,49.9,54.7,9.8,5.8,0.495,16.9,29.9,0.157,69.3,102.6,0.237,0.425,0.533,50.1,62.1,11.8,8.4,0.501,16.5,29.7,0.183,2022-2023
Tennessee-Martin,0.571,-4.49,74.5,112,0.311,0.401,0.56,52.1,53.4,11.9,9.6,0.534,13.9,32.8,0.218,74.5,99.3,0.349,0.375,0.516,47.9,53.9,8.6,10.6,0.49,17,29.4,0.223,2022-2023
Texas,0.917,-0.32,70.8,115.8,0.273,0.363,0.581,52.7,60.3,11.2,11.9,0.561,13.9,31.7,0.189,70.8,85.9,0.319,0.355,0.486,47.3,47.4,7.1,7.8,0.453,21.9,26.8,0.213,2022-2023
Texas A&M,0.583,0.36,68.9,108.7,0.471,0.369,0.548,52.8,56.9,12.3,9.8,0.499,15.5,35.9,0.344,68.9,100,0.422,0.47,0.539,47.2,62.2,10.4,7.8,0.495,19.7,30.2,0.306,2022-2023
Texas A&M-Commerce,0.286,-1.82,68.3,99.8,0.222,0.477,0.523,49.5,51.8,9.2,9.3,0.503,16.7,28,0.151,68.3,105.2,0.394,0.39,0.563,50.5,53.2,9.4,10.1,0.524,17.1,27.4,0.289,2022-2023
Texas A&M-Corpus Christi,0.538,-0.66,74.5,106.2,0.285,0.374,0.537,50.6,56.1,13.7,6.3,0.501,15.6,32.6,0.217,74.5,98.5,0.338,0.464,0.553,49.4,63.6,9.3,10,0.536,21.5,29.7,0.212,2022-2023
Texas Southern,0.308,8.24,71,93.1,0.268,0.28,0.466,50.5,44.8,9.3,9.6,0.444,15.8,32.6,0.163,71,100.6,0.283,0.39,0.531,49.5,51.6,10.1,8.5,0.501,17.1,29.1,0.204,2022-2023
Texas State,0.5,-2.79,66.8,99.9,0.349,0.299,0.512,49.8,43,10.8,12.1,0.474,15.6,30.1,0.247,66.8,99.1,0.394,0.342,0.536,50.2,49.2,9.3,7.5,0.491,18.5,28.6,0.291,2022-2023
Texas Tech,0.833,-3.36,71.6,114.1,0.42,0.363,0.608,55.1,56.3,13,9.6,0.577,17.2,32.6,0.304,71.6,87.1,0.266,0.415,0.49,44.9,50.4,9.8,9.6,0.46,21.5,25.5,0.185,2022-2023
Texas-Rio Grande Valley,0.615,-3.38,76.6,108.1,0.479,0.316,0.587,53.4,57.2,6.7,9.9,0.556,19.2,31.7,0.329,76.6,103,0.341,0.396,0.54,46.6,66.6,10.7,9,0.502,16.1,27.7,0.249,2022-2023
The Citadel,0.462,-2.09,70.6,101.1,0.274,0.411,0.538,47.9,50,7.3,6.9,0.502,16,23.7,0.213,70.6,104.8,0.338,0.422,0.519,52.1,54.1,10.3,11.4,0.481,13.7,30.8,0.242,2022-2023
Toledo,0.692,-0.66,73.5,115.6,0.309,0.337,0.579,51.6,48.9,9.9,7.8,0.547,13.4,33,0.233,73.5,108.1,0.279,0.368,0.559,48.4,50.3,8.2,8.2,0.526,15.9,30,0.214,2022-2023
Towson,0.615,-4.08,65.3,104.5,0.345,0.332,0.527,54.2,56.5,9.8,10.9,0.494,16.7,36.2,0.239,65.3,101.6,0.286,0.419,0.53,45.8,56.4,8.6,6.4,0.499,15.8,27.4,0.207,2022-2023
Troy,0.571,0.77,70.7,110.4,0.299,0.411,0.553,51.8,52,12.7,8,0.526,15.2,33.3,0.21,70.7,93.8,0.357,0.37,0.539,48.2,48.9,8.5,7.1,0.497,22,27.6,0.267,2022-2023
Tulane,0.583,-3.98,73,107.5,0.335,0.377,0.56,46,54.8,11.3,10.4,0.513,12.3,20,0.271,73,97.7,0.291,0.396,0.524,54,61.3,6.4,13.9,0.489,18.4,29,0.214,2022-2023
Tulsa,0.333,1.69,70.2,96.1,0.233,0.42,0.509,46,48,9.4,4.6,0.487,16.7,26.5,0.155,70.2,104.2,0.264,0.357,0.527,54,50,11.3,11.8,0.497,16.3,34.5,0.192,2022-2023
UAB,0.846,-0.88,74.2,114.1,0.396,0.321,0.568,54.6,55.4,11.5,12,0.526,15.2,37,0.297,74.2,91.8,0.288,0.35,0.491,45.4,49.5,8.7,8.2,0.462,18.8,29.4,0.193,2022-2023
UC Davis,0.583,-0.07,74,104.3,0.439,0.346,0.547,55.6,50.3,8.7,8.3,0.52,18.2,36,0.281,74,96.3,0.289,0.305,0.508,44.4,42.5,9.8,9.1,0.479,17.1,26.3,0.199,2022-2023
UC Irvine,0.583,4.29,71.9,108.1,0.256,0.307,0.552,55.6,54,10.7,8.5,0.529,15.5,32.4,0.179,71.9,90.8,0.344,0.376,0.495,44.4,52.8,8.9,8.2,0.453,17.3,21.5,0.246,2022-2023
UC Riverside,0.615,1.99,68.7,105.9,0.243,0.39,0.539,53.4,49.3,7.2,4.4,0.514,15.1,30.6,0.174,68.7,99,0.349,0.32,0.521,46.6,46.2,9,7.6,0.488,15.2,23.9,0.24,2022-2023
UC San Diego,0.462,0.99,67.5,97.3,0.278,0.413,0.502,50.2,49.8,9.5,5.8,0.467,15.7,27.6,0.202,67.5,102.8,0.284,0.373,0.526,49.8,55.3,9.1,9.6,0.495,14.3,26.5,0.204,2022-2023
UC Santa Barbara,0.833,-3.53,67.6,105.1,0.365,0.293,0.558,55,54.8,11.1,7.8,0.525,17.6,31.8,0.258,67.6,93.9,0.307,0.326,0.507,45,47,7.6,8.6,0.476,18,23.8,0.21,2022-2023
UCLA,0.846,5.33,69.6,115.4,0.222,0.26,0.567,52.5,49.8,12.9,10.8,0.548,12.5,32.9,0.159,69.6,88.4,0.24,0.409,0.501,47.5,52.8,7.3,4.9,0.48,22.4,28.7,0.156,2022-2023
UNC Asheville,0.643,-2.45,72.5,105.9,0.36,0.371,0.584,50.9,47.1,9.7,10.4,0.564,19.4,28.6,0.24,72.5,99.4,0.23,0.334,0.517,49.1,47.9,11.8,10.9,0.486,16.3,29.3,0.174,2022-2023
UNC Greensboro,0.5,-0.47,69.3,101.5,0.301,0.394,0.529,52.3,60.5,9.4,7.1,0.495,16.6,30.4,0.218,69.3,93,0.301,0.405,0.488,47.7,50.2,8.8,8.7,0.451,17.2,26.9,0.214,2022-2023
UNC Wilmington,0.786,2.1,65.3,108.3,0.368,0.349,0.542,50.6,45,10.6,9.1,0.508,14.3,31.6,0.257,65.3,96,0.377,0.357,0.508,49.4,43.1,7.1,7.1,0.471,18.3,30.4,0.255,2022-2023
UT Arlington,0.357,3.46,68.2,98.2,0.352,0.335,0.486,53.8,49.8,10.4,10,0.449,16.6,37.6,0.237,68.2,93.7,0.327,0.389,0.504,46.2,53.2,8.6,8.4,0.473,18.9,28.5,0.22,2022-2023
Utah,0.714,1.12,68.7,106.2,0.328,0.339,0.546,54.8,56.4,7.1,14,0.519,16.2,32.4,0.225,68.7,87.4,0.278,0.362,0.434,45.2,48.9,10,8.7,0.402,13.8,27,0.18,2022-2023
Utah State,0.846,4.75,72.1,116.9,0.344,0.441,0.62,53.4,64.7,6.8,9.8,0.594,14.9,25.7,0.254,72.1,98.2,0.322,0.349,0.517,46.6,48.1,7.4,7,0.475,14.9,22.3,0.241,2022-2023
Utah Tech,0.643,0.02,71.3,109.7,0.407,0.408,0.57,54.6,55.7,11,7.3,0.536,16.5,32.6,0.288,71.3,97.8,0.315,0.395,0.55,45.4,54,7.3,9.2,0.515,19.4,22.2,0.236,2022-2023
Utah Valley,0.714,2.14,70.8,106.7,0.368,0.39,0.547,51.8,61.4,10.2,15.1,0.507,15.2,29.7,0.272,70.8,93.1,0.256,0.342,0.473,48.2,47.6,8,8.5,0.448,15.3,28.9,0.164,2022-2023
UTEP,0.615,2.2,69.8,96.4,0.474,0.306,0.525,51.3,52.1,12.5,8.5,0.499,19.7,31.1,0.288,69.8,91.4,0.358,0.378,0.503,48.7,44.8,11.9,6.9,0.459,21.3,29.4,0.26,2022-2023
UTSA,0.462,-2.46,69.2,98.6,0.363,0.414,0.523,48.6,53.5,5.9,7.2,0.482,17.7,28.2,0.262,69.2,104.4,0.314,0.343,0.517,51.4,51.9,10.8,12.8,0.484,13.4,31.1,0.219,2022-2023
Valparaiso,0.429,-3.51,70.1,97.6,0.255,0.332,0.519,49.5,48.6,8.3,5.2,0.492,16.7,25,0.18,70.1,103.3,0.328,0.339,0.534,50.5,48.5,10.9,7,0.49,14.1,25.9,0.254,2022-2023
Vanderbilt,0.5,3.59,66.8,100.6,0.284,0.42,0.52,51.6,49.3,7.7,14.7,0.495,16.7,30.3,0.191,66.8,99,0.32,0.361,0.51,48.4,51.6,10.2,8.5,0.478,14.7,26.3,0.22,2022-2023
Vermont,0.429,1.57,66.4,100.2,0.257,0.415,0.539,49.1,48.9,7.9,6.1,0.518,16.1,21.2,0.174,66.4,102.6,0.321,0.343,0.549,50.9,47.2,9.2,10.2,0.523,14.9,21.3,0.218,2022-2023
Villanova,0.538,4.8,64.7,109,0.333,0.491,0.571,48.6,49.5,8,4.7,0.521,13.7,22.9,0.28,64.7,103.5,0.249,0.444,0.537,51.4,61,8.4,9.3,0.507,15.8,27.3,0.187,2022-2023
Virginia,0.818,4.43,63,110.8,0.478,0.374,0.565,51.3,66.8,9.8,15.3,0.523,13.5,27,0.339,63,92.9,0.237,0.39,0.49,48.7,47.2,7.6,11.2,0.459,17.2,26.9,0.173,2022-2023
Virginia Commonwealth,0.692,-1.16,70.1,97.9,0.526,0.373,0.544,49,53.8,13.5,14,0.494,19.9,26.8,0.372,70.1,90.1,0.312,0.329,0.502,51,50.9,11.2,9,0.466,22,30.4,0.221,2022-2023
VMI,0.357,-1.78,69.9,107.5,0.221,0.45,0.56,52.8,47.6,8.4,4.6,0.534,16.6,30.7,0.17,69.9,106.9,0.257,0.511,0.556,47.2,61.7,9.3,13.2,0.536,15.3,25.7,0.176,2022-2023
Virginia Tech,0.846,0.45,66.1,113,0.234,0.383,0.57,51.9,50.8,7.5,9.4,0.549,12.6,28.7,0.171,66.1,94.3,0.198,0.345,0.48,48.1,44.3,7.6,8.6,0.46,15.5,28,0.131,2022-2023
Wagner,0.667,-8.2,65.4,100.6,0.252,0.393,0.488,52.9,53.9,11.1,5.8,0.468,13.9,33.5,0.156,65.4,96.1,0.505,0.366,0.533,47.1,51.6,7.8,13.3,0.481,18.6,22.8,0.361,2022-2023
Wake Forest,0.692,2.27,70.3,105.4,0.328,0.412,0.572,51.6,47.8,9.4,7.7,0.537,17.4,26.2,0.248,70.3,98.7,0.282,0.441,0.53,48.4,47,10.8,9.6,0.503,17.3,24.7,0.195,2022-2023
Washington,0.692,3.44,69.2,100.9,0.338,0.341,0.542,48.6,43.8,10.4,16.8,0.5,17.2,25.2,0.258,69.2,94.6,0.267,0.395,0.496,51.4,56.9,8.8,8.5,0.468,17.3,30.8,0.182,2022-2023
Washington State,0.385,5.36,65.1,104.4,0.296,0.416,0.541,54.5,46.8,7.7,6.9,0.51,18,33.7,0.214,65.1,99.1,0.306,0.31,0.531,45.5,49.1,9.8,7.8,0.509,15.6,23.5,0.198,2022-2023
Weber State,0.429,1.61,67.6,99.8,0.344,0.406,0.555,48.9,49.1,8.2,5.4,0.506,18.2,21.4,0.279,67.6,101.9,0.297,0.391,0.558,51.1,58.4,8.9,11.3,0.538,17.6,23.6,0.198,2022-2023
West Virginia,0.833,2.51,70.5,115.4,0.372,0.347,0.592,52.7,52.5,10.9,7.6,0.558,15,32.9,0.275,70.5,94,0.381,0.369,0.523,47.3,52.2,8,7.2,0.483,21,28.6,0.271,2022-2023
Western Carolina,0.5,-5.6,70.8,106.6,0.34,0.455,0.536,53.2,53.8,8.7,6,0.501,14.3,30.9,0.243,70.8,96,0.322,0.248,0.509,46.8,42.5,8.8,10,0.473,15.9,23.8,0.228,2022-2023
Western Illinois,0.615,-4.38,71.7,107,0.357,0.372,0.562,50.1,53.8,9,9.8,0.528,14.7,25.1,0.257,71.7,99.2,0.271,0.323,0.521,49.9,36,8.2,7.3,0.492,16.2,26.3,0.191,2022-2023
Western Kentucky,0.667,-5.48,70.1,108.3,0.299,0.37,0.563,49.5,56.6,9,16.5,0.541,14.7,26.4,0.203,70.1,96.6,0.225,0.416,0.497,50.5,47.3,6.7,5.6,0.469,16.4,29.7,0.163,2022-2023
Western Michigan,0.333,-2.79,66,103.9,0.21,0.403,0.527,57.3,50.2,7.4,7.2,0.507,17.8,37.6,0.145,66,102.4,0.271,0.399,0.535,42.7,57.8,10.2,8.7,0.518,14.2,22.4,0.173,2022-2023
Wichita State,0.538,1.87,65.7,97.2,0.274,0.403,0.508,50.9,42.9,8.5,11,0.48,16.1,27.6,0.189,65.7,90,0.233,0.389,0.45,49.1,54.6,10.2,7.6,0.417,14.9,29.1,0.166,2022-2023
William & Mary,0.385,1.34,65.3,106.8,0.333,0.356,0.528,52.1,53.4,11.2,6.3,0.501,15,34.4,0.221,65.3,105.1,0.276,0.386,0.547,47.9,54.2,8.5,14,0.517,16,28.9,0.202,2022-2023
Winthrop,0.357,0.17,70.5,105,0.387,0.436,0.578,47.8,46.6,8.3,9.9,0.539,19.3,27.8,0.291,70.5,108.1,0.262,0.395,0.537,52.2,53.5,12.2,15.2,0.522,15.2,35.2,0.165,2022-2023
Wisconsin,0.818,5.44,64.7,102,0.276,0.403,0.526,49.1,53.6,12,5.5,0.498,13.7,22.9,0.193,64.7,90.9,0.279,0.391,0.496,50.9,44.5,8.3,10.1,0.471,18,24.1,0.181,2022-2023
Wofford,0.571,-2.1,67.8,112.3,0.283,0.412,0.568,55,46.5,8.6,5.5,0.537,14,32.6,0.214,67.8,99.7,0.2,0.384,0.537,45,42.3,8.2,10.9,0.517,16,23.1,0.142,2022-2023
Wright State,0.5,-3.17,72.4,105.7,0.208,0.246,0.56,51.8,50.3,9.8,7.6,0.543,15.8,27.1,0.144,72.4,98.1,0.239,0.406,0.538,48.2,46.6,10.5,5.5,0.514,18.4,24.3,0.17,2022-2023
Wyoming,0.385,1.37,66.1,105.6,0.342,0.494,0.558,50.6,50,7.7,5.5,0.53,15.8,25.8,0.238,66.1,102.5,0.233,0.408,0.544,49.4,45.4,8.6,12.3,0.514,16.2,25,0.18,2022-2023
Xavier,0.786,6,74.5,112.5,0.34,0.309,0.595,54.7,68.6,9.8,10.5,0.569,16.7,31.4,0.244,74.5,99.2,0.303,0.314,0.526,45.3,53.8,11.6,8.7,0.499,16.3,25.2,0.206,2022-2023
Yale,0.769,-3.19,66.3,114.2,0.223,0.396,0.571,57.6,53.9,10.1,12.1,0.552,15.1,35.4,0.159,66.3,84.4,0.309,0.349,0.458,42.4,48.5,9,6.7,0.427,17.6,22.9,0.196,2022-2023
Youngstown State,0.714,-4.13,71.3,117,0.302,0.337,0.598,53.3,47,10.3,7.1,0.566,15.7,34.1,0.237,71.3,100.7,0.231,0.335,0.535,46.7,49.2,8.7,5.2,0.514,17.1,29.1,0.159,2022-2023
